scenario_name,scenario_date,interval_role,warmup_seconds,scenario_start_s,scenario_end_s,analysis_start_s,analysis_end_s,intersection,date,timestamp_utc,timestamp_local,time,begin_s,end_s,sim_begin_s,sim_end_s,bin_label_clock,bin_label_sim,detector_id,sumo_id,approach,edge_id,movement,count_type,from_edge,to_edge,count,occupancy,speed
weekend_evening,2026-03-22,warmup,900,56700,61200,57600,61200,LD-LSA1,2026-03-22,,2026-03-22 15:45:00+00:00,15:45:00,56700,57600,0,900,15:45-16:00,0-900,7,LSA1_W_id7,West,,,,,,37,52,0
weekend_evening,2026-03-22,warmup,900,56700,61200,57600,61200,LD-LSA1,2026-03-22,,2026-03-22 15:45:00+00:00,15:45:00,56700,57600,0,900,15:45-16:00,0-900,8,LSA1_W_id8,West,,,,,,101,13,0
weekend_evening,2026-03-22,warmup,900,56700,61200,57600,61200,LD-LSA1,2026-03-22,,2026-03-22 15:45:00+00:00,15:45:00,56700,57600,0,900,15:45-16:00,0-900,9,LSA1_W_id9,West,,,,,,101,37,0
weekend_evening,2026-03-22,warmup,900,56700,61200,57600,61200,LD-LSA1,2026-03-22,,2026-03-22 15:45:00+00:00,15:45:00,56700,57600,0,900,15:45-16:00,0-900,10,LSA1_W_id10,West,,,,,,112,24,0
weekend_evening,2026-03-22,warmup,900,56700,61200,57600,61200,LD-LSA1,2026-03-22,,2026-03-22 15:45:00+00:00,15:45:00,56700,57600,0,900,15:45-16:00,0-900,11,LSA1_S_id11,South,,,,,,0,0,0
weekend_evening,2026-03-22,warmup,900,56700,61200,57600,61200,LD-LSA1,2026-03-22,,2026-03-22 15:45:00+00:00,15:45:00,56700,57600,0,900,15:45-16:00,0-900,12,LSA1_S_id12,South,,,,,,0,0,0
weekend_evening,2026-03-22,warmup,900,56700,61200,57600,61200,LD-LSA1,2026-03-22,,2026-03-22 15:45:00+00:00,15:45:00,56700,57600,0,900,15:45-16:00,0-900,13,LSA1_E_id13,East,,,,,,41,38,0
weekend_evening,2026-03-22,warmup,900,56700,61200,57600,61200,LD-LSA1,2026-03-22,,2026-03-22 15:45:00+00:00,15:45:00,56700,57600,0,900,15:45-16:00,0-900,14,LSA1_E_id14,East,,,,,,92,14,0
weekend_evening,2026-03-22,warmup,900,56700,61200,57600,61200,LD-LSA1,2026-03-22,,2026-03-22 15:45:00+00:00,15:45:00,56700,57600,0,900,15:45-16:00,0-900,23,LSA1_E_id23,East,,,,,,47,39,0
weekend_evening,2026-03-22,warmup,900,56700,61200,57600,61200,LD-LSA1,2026-03-22,,2026-03-22 15:45:00+00:00,15:45:00,56700,57600,0,900,15:45-16:00,0-900,24,LSA1_E_id24,East,,,,,,76,15,0
weekend_evening,2026-03-22,warmup,900,56700,61200,57600,61200,LD-LSA1,2026-03-22,,2026-03-22 15:45:00+00:00,15:45:00,56700,57600,0,900,15:45-16:00,0-900,25,LSA1_E_id25,East,,,,,,0,100,0
weekend_evening,2026-03-22,warmup,900,56700,61200,57600,61200,LD-LSA1,2026-03-22,,2026-03-22 15:45:00+00:00,15:45:00,56700,57600,0,900,15:45-16:00,0-900,26,LSA1_E_id26,East,,,,,,25,4,0
weekend_evening,2026-03-22,warmup,900,56700,61200,57600,61200,LD-LSA1,2026-03-22,,2026-03-22 15:45:00+00:00,15:45:00,56700,57600,0,900,15:45-16:00,0-900,27,LSA1_E_id27,East,,,,,,34,13,0
weekend_evening,2026-03-22,warmup,900,56700,61200,57600,61200,LD-LSA1,2026-03-22,,2026-03-22 15:45:00+00:00,15:45:00,56700,57600,0,900,15:45-16:00,0-900,28,LSA1_N_id28,North,,,,,,9,18,0
weekend_evening,2026-03-22,warmup,900,56700,61200,57600,61200,LD-LSA1,2026-03-22,,2026-03-22 15:45:00+00:00,15:45:00,56700,57600,0,900,15:45-16:00,0-900,29,LSA1_N_id29,North,,,,,,0,100,0
weekend_evening,2026-03-22,warmup,900,56700,61200,57600,61200,LD-LSA1,2026-03-22,,2026-03-22 15:45:00+00:00,15:45:00,56700,57600,0,900,15:45-16:00,0-900,30,LSA1_N_id30,North,,,,,,50,48,0
weekend_evening,2026-03-22,warmup,900,56700,61200,57600,61200,LD-LSA1,2026-03-22,,2026-03-22 15:45:00+00:00,15:45:00,56700,57600,0,900,15:45-16:00,0-900,39,LSA1_N_id39,North,,,,,,55,16,0
weekend_evening,2026-03-22,warmup,900,56700,61200,57600,61200,LD-LSA1,2026-03-22,,2026-03-22 15:45:00+00:00,15:45:00,56700,57600,0,900,15:45-16:00,0-900,40,LSA1_N_id40,North,,,,,,22,28,0
weekend_evening,2026-03-22,analysis,900,56700,61200,57600,61200,LD-LSA1,2026-03-22,,2026-03-22 16:00:00+00:00,16:00:00,57600,58500,900,1800,16:00-16:15,900-1800,7,LSA1_W_id7,West,,,,,,47,60,0
weekend_evening,2026-03-22,analysis,900,56700,61200,57600,61200,LD-LSA1,2026-03-22,,2026-03-22 16:00:00+00:00,16:00:00,57600,58500,900,1800,16:00-16:15,900-1800,8,LSA1_W_id8,West,,,,,,82,24,0
weekend_evening,2026-03-22,analysis,900,56700,61200,57600,61200,LD-LSA1,2026-03-22,,2026-03-22 16:00:00+00:00,16:00:00,57600,58500,900,1800,16:00-16:15,900-1800,9,LSA1_W_id9,West,,,,,,87,33,0
weekend_evening,2026-03-22,analysis,900,56700,61200,57600,61200,LD-LSA1,2026-03-22,,2026-03-22 16:00:00+00:00,16:00:00,57600,58500,900,1800,16:00-16:15,900-1800,10,LSA1_W_id10,West,,,,,,108,12,0
weekend_evening,2026-03-22,analysis,900,56700,61200,57600,61200,LD-LSA1,2026-03-22,,2026-03-22 16:00:00+00:00,16:00:00,57600,58500,900,1800,16:00-16:15,900-1800,11,LSA1_S_id11,South,,,,,,0,0,0
weekend_evening,2026-03-22,analysis,900,56700,61200,57600,61200,LD-LSA1,2026-03-22,,2026-03-22 16:00:00+00:00,16:00:00,57600,58500,900,1800,16:00-16:15,900-1800,12,LSA1_S_id12,South,,,,,,0,0,0
weekend_evening,2026-03-22,analysis,900,56700,61200,57600,61200,LD-LSA1,2026-03-22,,2026-03-22 16:00:00+00:00,16:00:00,57600,58500,900,1800,16:00-16:15,900-1800,13,LSA1_E_id13,East,,,,,,39,42,0
weekend_evening,2026-03-22,analysis,900,56700,61200,57600,61200,LD-LSA1,2026-03-22,,2026-03-22 16:00:00+00:00,16:00:00,57600,58500,900,1800,16:00-16:15,900-1800,14,LSA1_E_id14,East,,,,,,105,9,0
weekend_evening,2026-03-22,analysis,900,56700,61200,57600,61200,LD-LSA1,2026-03-22,,2026-03-22 16:00:00+00:00,16:00:00,57600,58500,900,1800,16:00-16:15,900-1800,23,LSA1_E_id23,East,,,,,,53,31,0
weekend_evening,2026-03-22,analysis,900,56700,61200,57600,61200,LD-LSA1,2026-03-22,,2026-03-22 16:00:00+00:00,16:00:00,57600,58500,900,1800,16:00-16:15,900-1800,24,LSA1_E_id24,East,,,,,,90,8,0
weekend_evening,2026-03-22,analysis,900,56700,61200,57600,61200,LD-LSA1,2026-03-22,,2026-03-22 16:00:00+00:00,16:00:00,57600,58500,900,1800,16:00-16:15,900-1800,25,LSA1_E_id25,East,,,,,,0,100,0
weekend_evening,2026-03-22,analysis,900,56700,61200,57600,61200,LD-LSA1,2026-03-22,,2026-03-22 16:00:00+00:00,16:00:00,57600,58500,900,1800,16:00-16:15,900-1800,26,LSA1_E_id26,East,,,,,,23,2,0
weekend_evening,2026-03-22,analysis,900,56700,61200,57600,61200,LD-LSA1,2026-03-22,,2026-03-22 16:00:00+00:00,16:00:00,57600,58500,900,1800,16:00-16:15,900-1800,27,LSA1_E_id27,East,,,,,,37,16,0
weekend_evening,2026-03-22,analysis,900,56700,61200,57600,61200,LD-LSA1,2026-03-22,,2026-03-22 16:00:00+00:00,16:00:00,57600,58500,900,1800,16:00-16:15,900-1800,28,LSA1_N_id28,North,,,,,,12,10,0
weekend_evening,2026-03-22,analysis,900,56700,61200,57600,61200,LD-LSA1,2026-03-22,,2026-03-22 16:00:00+00:00,16:00:00,57600,58500,900,1800,16:00-16:15,900-1800,29,LSA1_N_id29,North,,,,,,0,100,0
weekend_evening,2026-03-22,analysis,900,56700,61200,57600,61200,LD-LSA1,2026-03-22,,2026-03-22 16:00:00+00:00,16:00:00,57600,58500,900,1800,16:00-16:15,900-1800,30,LSA1_N_id30,North,,,,,,56,65,0
weekend_evening,2026-03-22,analysis,900,56700,61200,57600,61200,LD-LSA1,2026-03-22,,2026-03-22 16:00:00+00:00,16:00:00,57600,58500,900,1800,16:00-16:15,900-1800,39,LSA1_N_id39,North,,,,,,55,27,0
weekend_evening,2026-03-22,analysis,900,56700,61200,57600,61200,LD-LSA1,2026-03-22,,2026-03-22 16:00:00+00:00,16:00:00,57600,58500,900,1800,16:00-16:15,900-1800,40,LSA1_N_id40,North,,,,,,27,8,0
weekend_evening,2026-03-22,analysis,900,56700,61200,57600,61200,LD-LSA1,2026-03-22,,2026-03-22 16:15:00+00:00,16:15:00,58500,59400,1800,2700,16:15-16:30,1800-2700,7,LSA1_W_id7,West,,,,,,41,61,0
weekend_evening,2026-03-22,analysis,900,56700,61200,57600,61200,LD-LSA1,2026-03-22,,2026-03-22 16:15:00+00:00,16:15:00,58500,59400,1800,2700,16:15-16:30,1800-2700,8,LSA1_W_id8,West,,,,,,98,16,0
weekend_evening,2026-03-22,analysis,900,56700,61200,57600,61200,LD-LSA1,2026-03-22,,2026-03-22 16:15:00+00:00,16:15:00,58500,59400,1800,2700,16:15-16:30,1800-2700,9,LSA1_W_id9,West,,,,,,108,38,0
weekend_evening,2026-03-22,analysis,900,56700,61200,57600,61200,LD-LSA1,2026-03-22,,2026-03-22 16:15:00+00:00,16:15:00,58500,59400,1800,2700,16:15-16:30,1800-2700,10,LSA1_W_id10,West,,,,,,122,26,0
weekend_evening,2026-03-22,analysis,900,56700,61200,57600,61200,LD-LSA1,2026-03-22,,2026-03-22 16:15:00+00:00,16:15:00,58500,59400,1800,2700,16:15-16:30,1800-2700,11,LSA1_S_id11,South,,,,,,0,0,0
weekend_evening,2026-03-22,analysis,900,56700,61200,57600,61200,LD-LSA1,2026-03-22,,2026-03-22 16:15:00+00:00,16:15:00,58500,59400,1800,2700,16:15-16:30,1800-2700,12,LSA1_S_id12,South,,,,,,0,0,0
weekend_evening,2026-03-22,analysis,900,56700,61200,57600,61200,LD-LSA1,2026-03-22,,2026-03-22 16:15:00+00:00,16:15:00,58500,59400,1800,2700,16:15-16:30,1800-2700,13,LSA1_E_id13,East,,,,,,33,31,0
weekend_evening,2026-03-22,analysis,900,56700,61200,57600,61200,LD-LSA1,2026-03-22,,2026-03-22 16:15:00+00:00,16:15:00,58500,59400,1800,2700,16:15-16:30,1800-2700,14,LSA1_E_id14,East,,,,,,97,9,0
weekend_evening,2026-03-22,analysis,900,56700,61200,57600,61200,LD-LSA1,2026-03-22,,2026-03-22 16:15:00+00:00,16:15:00,58500,59400,1800,2700,16:15-16:30,1800-2700,23,LSA1_E_id23,East,,,,,,63,43,0
weekend_evening,2026-03-22,analysis,900,56700,61200,57600,61200,LD-LSA1,2026-03-22,,2026-03-22 16:15:00+00:00,16:15:00,58500,59400,1800,2700,16:15-16:30,1800-2700,24,LSA1_E_id24,East,,,,,,91,18,0
weekend_evening,2026-03-22,analysis,900,56700,61200,57600,61200,LD-LSA1,2026-03-22,,2026-03-22 16:15:00+00:00,16:15:00,58500,59400,1800,2700,16:15-16:30,1800-2700,25,LSA1_E_id25,East,,,,,,0,100,0
weekend_evening,2026-03-22,analysis,900,56700,61200,57600,61200,LD-LSA1,2026-03-22,,2026-03-22 16:15:00+00:00,16:15:00,58500,59400,1800,2700,16:15-16:30,1800-2700,26,LSA1_E_id26,East,,,,,,27,3,0
weekend_evening,2026-03-22,analysis,900,56700,61200,57600,61200,LD-LSA1,2026-03-22,,2026-03-22 16:15:00+00:00,16:15:00,58500,59400,1800,2700,16:15-16:30,1800-2700,27,LSA1_E_id27,East,,,,,,41,14,0
weekend_evening,2026-03-22,analysis,900,56700,61200,57600,61200,LD-LSA1,2026-03-22,,2026-03-22 16:15:00+00:00,16:15:00,58500,59400,1800,2700,16:15-16:30,1800-2700,28,LSA1_N_id28,North,,,,,,12,19,0
weekend_evening,2026-03-22,analysis,900,56700,61200,57600,61200,LD-LSA1,2026-03-22,,2026-03-22 16:15:00+00:00,16:15:00,58500,59400,1800,2700,16:15-16:30,1800-2700,29,LSA1_N_id29,North,,,,,,0,100,0
weekend_evening,2026-03-22,analysis,900,56700,61200,57600,61200,LD-LSA1,2026-03-22,,2026-03-22 16:15:00+00:00,16:15:00,58500,59400,1800,2700,16:15-16:30,1800-2700,30,LSA1_N_id30,North,,,,,,44,55,0
weekend_evening,2026-03-22,analysis,900,56700,61200,57600,61200,LD-LSA1,2026-03-22,,2026-03-22 16:15:00+00:00,16:15:00,58500,59400,1800,2700,16:15-16:30,1800-2700,39,LSA1_N_id39,North,,,,,,48,17,0
weekend_evening,2026-03-22,analysis,900,56700,61200,57600,61200,LD-LSA1,2026-03-22,,2026-03-22 16:15:00+00:00,16:15:00,58500,59400,1800,2700,16:15-16:30,1800-2700,40,LSA1_N_id40,North,,,,,,34,23,0
weekend_evening,2026-03-22,analysis,900,56700,61200,57600,61200,LD-LSA1,2026-03-22,,2026-03-22 16:30:00+00:00,16:30:00,59400,60300,2700,3600,16:30-16:45,2700-3600,7,LSA1_W_id7,West,,,,,,38,60,0
weekend_evening,2026-03-22,analysis,900,56700,61200,57600,61200,LD-LSA1,2026-03-22,,2026-03-22 16:30:00+00:00,16:30:00,59400,60300,2700,3600,16:30-16:45,2700-3600,8,LSA1_W_id8,West,,,,,,88,20,0
weekend_evening,2026-03-22,analysis,900,56700,61200,57600,61200,LD-LSA1,2026-03-22,,2026-03-22 16:30:00+00:00,16:30:00,59400,60300,2700,3600,16:30-16:45,2700-3600,9,LSA1_W_id9,West,,,,,,95,42,0
weekend_evening,2026-03-22,analysis,900,56700,61200,57600,61200,LD-LSA1,2026-03-22,,2026-03-22 16:30:00+00:00,16:30:00,59400,60300,2700,3600,16:30-16:45,2700-3600,10,LSA1_W_id10,West,,,,,,107,19,0
weekend_evening,2026-03-22,analysis,900,56700,61200,57600,61200,LD-LSA1,2026-03-22,,2026-03-22 16:30:00+00:00,16:30:00,59400,60300,2700,3600,16:30-16:45,2700-3600,11,LSA1_S_id11,South,,,,,,0,0,0
weekend_evening,2026-03-22,analysis,900,56700,61200,57600,61200,LD-LSA1,2026-03-22,,2026-03-22 16:30:00+00:00,16:30:00,59400,60300,2700,3600,16:30-16:45,2700-3600,12,LSA1_S_id12,South,,,,,,0,0,0
weekend_evening,2026-03-22,analysis,900,56700,61200,57600,61200,LD-LSA1,2026-03-22,,2026-03-22 16:30:00+00:00,16:30:00,59400,60300,2700,3600,16:30-16:45,2700-3600,13,LSA1_E_id13,East,,,,,,46,43,0
weekend_evening,2026-03-22,analysis,900,56700,61200,57600,61200,LD-LSA1,2026-03-22,,2026-03-22 16:30:00+00:00,16:30:00,59400,60300,2700,3600,16:30-16:45,2700-3600,14,LSA1_E_id14,East,,,,,,106,20,0
weekend_evening,2026-03-22,analysis,900,56700,61200,57600,61200,LD-LSA1,2026-03-22,,2026-03-22 16:30:00+00:00,16:30:00,59400,60300,2700,3600,16:30-16:45,2700-3600,23,LSA1_E_id23,East,,,,,,61,40,0
weekend_evening,2026-03-22,analysis,900,56700,61200,57600,61200,LD-LSA1,2026-03-22,,2026-03-22 16:30:00+00:00,16:30:00,59400,60300,2700,3600,16:30-16:45,2700-3600,24,LSA1_E_id24,East,,,,,,84,24,0
weekend_evening,2026-03-22,analysis,900,56700,61200,57600,61200,LD-LSA1,2026-03-22,,2026-03-22 16:30:00+00:00,16:30:00,59400,60300,2700,3600,16:30-16:45,2700-3600,25,LSA1_E_id25,East,,,,,,0,100,0
weekend_evening,2026-03-22,analysis,900,56700,61200,57600,61200,LD-LSA1,2026-03-22,,2026-03-22 16:30:00+00:00,16:30:00,59400,60300,2700,3600,16:30-16:45,2700-3600,26,LSA1_E_id26,East,,,,,,15,1,0
weekend_evening,2026-03-22,analysis,900,56700,61200,57600,61200,LD-LSA1,2026-03-22,,2026-03-22 16:30:00+00:00,16:30:00,59400,60300,2700,3600,16:30-16:45,2700-3600,27,LSA1_E_id27,East,,,,,,44,14,0
weekend_evening,2026-03-22,analysis,900,56700,61200,57600,61200,LD-LSA1,2026-03-22,,2026-03-22 16:30:00+00:00,16:30:00,59400,60300,2700,3600,16:30-16:45,2700-3600,28,LSA1_N_id28,North,,,,,,12,18,0
weekend_evening,2026-03-22,analysis,900,56700,61200,57600,61200,LD-LSA1,2026-03-22,,2026-03-22 16:30:00+00:00,16:30:00,59400,60300,2700,3600,16:30-16:45,2700-3600,29,LSA1_N_id29,North,,,,,,0,100,0
weekend_evening,2026-03-22,analysis,900,56700,61200,57600,61200,LD-LSA1,2026-03-22,,2026-03-22 16:30:00+00:00,16:30:00,59400,60300,2700,3600,16:30-16:45,2700-3600,30,LSA1_N_id30,North,,,,,,38,43,0
weekend_evening,2026-03-22,analysis,900,56700,61200,57600,61200,LD-LSA1,2026-03-22,,2026-03-22 16:30:00+00:00,16:30:00,59400,60300,2700,3600,16:30-16:45,2700-3600,39,LSA1_N_id39,North,,,,,,47,11,0
weekend_evening,2026-03-22,analysis,900,56700,61200,57600,61200,LD-LSA1,2026-03-22,,2026-03-22 16:30:00+00:00,16:30:00,59400,60300,2700,3600,16:30-16:45,2700-3600,40,LSA1_N_id40,North,,,,,,52,14,0
weekend_evening,2026-03-22,analysis,900,56700,61200,57600,61200,LD-LSA1,2026-03-22,,2026-03-22 16:45:00+00:00,16:45:00,60300,61200,3600,4500,16:45-17:00,3600-4500,7,LSA1_W_id7,West,,,,,,40,49,0
weekend_evening,2026-03-22,analysis,900,56700,61200,57600,61200,LD-LSA1,2026-03-22,,2026-03-22 16:45:00+00:00,16:45:00,60300,61200,3600,4500,16:45-17:00,3600-4500,8,LSA1_W_id8,West,,,,,,95,18,0
weekend_evening,2026-03-22,analysis,900,56700,61200,57600,61200,LD-LSA1,2026-03-22,,2026-03-22 16:45:00+00:00,16:45:00,60300,61200,3600,4500,16:45-17:00,3600-4500,9,LSA1_W_id9,West,,,,,,106,42,0
weekend_evening,2026-03-22,analysis,900,56700,61200,57600,61200,LD-LSA1,2026-03-22,,2026-03-22 16:45:00+00:00,16:45:00,60300,61200,3600,4500,16:45-17:00,3600-4500,10,LSA1_W_id10,West,,,,,,132,19,0
weekend_evening,2026-03-22,analysis,900,56700,61200,57600,61200,LD-LSA1,2026-03-22,,2026-03-22 16:45:00+00:00,16:45:00,60300,61200,3600,4500,16:45-17:00,3600-4500,11,LSA1_S_id11,South,,,,,,0,0,0
weekend_evening,2026-03-22,analysis,900,56700,61200,57600,61200,LD-LSA1,2026-03-22,,2026-03-22 16:45:00+00:00,16:45:00,60300,61200,3600,4500,16:45-17:00,3600-4500,12,LSA1_S_id12,South,,,,,,0,0,0
weekend_evening,2026-03-22,analysis,900,56700,61200,57600,61200,LD-LSA1,2026-03-22,,2026-03-22 16:45:00+00:00,16:45:00,60300,61200,3600,4500,16:45-17:00,3600-4500,13,LSA1_E_id13,East,,,,,,48,37,0
weekend_evening,2026-03-22,analysis,900,56700,61200,57600,61200,LD-LSA1,2026-03-22,,2026-03-22 16:45:00+00:00,16:45:00,60300,61200,3600,4500,16:45-17:00,3600-4500,14,LSA1_E_id14,East,,,,,,100,17,0
weekend_evening,2026-03-22,analysis,900,56700,61200,57600,61200,LD-LSA1,2026-03-22,,2026-03-22 16:45:00+00:00,16:45:00,60300,61200,3600,4500,16:45-17:00,3600-4500,23,LSA1_E_id23,East,,,,,,53,42,0
weekend_evening,2026-03-22,analysis,900,56700,61200,57600,61200,LD-LSA1,2026-03-22,,2026-03-22 16:45:00+00:00,16:45:00,60300,61200,3600,4500,16:45-17:00,3600-4500,24,LSA1_E_id24,East,,,,,,88,11,0
weekend_evening,2026-03-22,analysis,900,56700,61200,57600,61200,LD-LSA1,2026-03-22,,2026-03-22 16:45:00+00:00,16:45:00,60300,61200,3600,4500,16:45-17:00,3600-4500,25,LSA1_E_id25,East,,,,,,0,100,0
weekend_evening,2026-03-22,analysis,900,56700,61200,57600,61200,LD-LSA1,2026-03-22,,2026-03-22 16:45:00+00:00,16:45:00,60300,61200,3600,4500,16:45-17:00,3600-4500,26,LSA1_E_id26,East,,,,,,40,3,0
weekend_evening,2026-03-22,analysis,900,56700,61200,57600,61200,LD-LSA1,2026-03-22,,2026-03-22 16:45:00+00:00,16:45:00,60300,61200,3600,4500,16:45-17:00,3600-4500,27,LSA1_E_id27,East,,,,,,40,16,0
weekend_evening,2026-03-22,analysis,900,56700,61200,57600,61200,LD-LSA1,2026-03-22,,2026-03-22 16:45:00+00:00,16:45:00,60300,61200,3600,4500,16:45-17:00,3600-4500,28,LSA1_N_id28,North,,,,,,5,9,0
weekend_evening,2026-03-22,analysis,900,56700,61200,57600,61200,LD-LSA1,2026-03-22,,2026-03-22 16:45:00+00:00,16:45:00,60300,61200,3600,4500,16:45-17:00,3600-4500,29,LSA1_N_id29,North,,,,,,0,100,0
weekend_evening,2026-03-22,analysis,900,56700,61200,57600,61200,LD-LSA1,2026-03-22,,2026-03-22 16:45:00+00:00,16:45:00,60300,61200,3600,4500,16:45-17:00,3600-4500,30,LSA1_N_id30,North,,,,,,40,44,0
weekend_evening,2026-03-22,analysis,900,56700,61200,57600,61200,LD-LSA1,2026-03-22,,2026-03-22 16:45:00+00:00,16:45:00,60300,61200,3600,4500,16:45-17:00,3600-4500,39,LSA1_N_id39,North,,,,,,52,20,0
weekend_evening,2026-03-22,analysis,900,56700,61200,57600,61200,LD-LSA1,2026-03-22,,2026-03-22 16:45:00+00:00,16:45:00,60300,61200,3600,4500,16:45-17:00,3600-4500,40,LSA1_N_id40,North,,,,,,32,24,0
weekend_evening,2026-03-22,warmup,900,56700,61200,57600,61200,LD-LSA10,2026-03-22,,2026-03-22 15:45:00+00:00,15:45:00,56700,57600,0,900,15:45-16:00,0-900,1,LSA10_W_id1,West,,,,,,50,26,0
weekend_evening,2026-03-22,warmup,900,56700,61200,57600,61200,LD-LSA10,2026-03-22,,2026-03-22 15:45:00+00:00,15:45:00,56700,57600,0,900,15:45-16:00,0-900,2,LSA10_NW_id2,North-West,,,,,,20,22,0
weekend_evening,2026-03-22,warmup,900,56700,61200,57600,61200,LD-LSA10,2026-03-22,,2026-03-22 15:45:00+00:00,15:45:00,56700,57600,0,900,15:45-16:00,0-900,3,LSA10_E_id3,East,,,,,,64,18,0
weekend_evening,2026-03-22,warmup,900,56700,61200,57600,61200,LD-LSA10,2026-03-22,,2026-03-22 15:45:00+00:00,15:45:00,56700,57600,0,900,15:45-16:00,0-900,4,LSA10_E_id4,East,,,,,,32,6,0
weekend_evening,2026-03-22,warmup,900,56700,61200,57600,61200,LD-LSA10,2026-03-22,,2026-03-22 15:45:00+00:00,15:45:00,56700,57600,0,900,15:45-16:00,0-900,26,LSA10_NW_id26,North-West,,,,,,7,27,0
weekend_evening,2026-03-22,warmup,900,56700,61200,57600,61200,LD-LSA10,2026-03-22,,2026-03-22 15:45:00+00:00,15:45:00,56700,57600,0,900,15:45-16:00,0-900,27,LSA10_NW_id27,North-West,,,,,,11,43,0
weekend_evening,2026-03-22,warmup,900,56700,61200,57600,61200,LD-LSA10,2026-03-22,,2026-03-22 15:45:00+00:00,15:45:00,56700,57600,0,900,15:45-16:00,0-900,29,LSA10_NE_id29,North-East,,,,,,4,4,0
weekend_evening,2026-03-22,warmup,900,56700,61200,57600,61200,LD-LSA10,2026-03-22,,2026-03-22 15:45:00+00:00,15:45:00,56700,57600,0,900,15:45-16:00,0-900,31,LSA10_S_id31,South,,,,,,12,19,0
weekend_evening,2026-03-22,analysis,900,56700,61200,57600,61200,LD-LSA10,2026-03-22,,2026-03-22 16:00:00+00:00,16:00:00,57600,58500,900,1800,16:00-16:15,900-1800,1,LSA10_W_id1,West,,,,,,71,37,0
weekend_evening,2026-03-22,analysis,900,56700,61200,57600,61200,LD-LSA10,2026-03-22,,2026-03-22 16:00:00+00:00,16:00:00,57600,58500,900,1800,16:00-16:15,900-1800,2,LSA10_NW_id2,North-West,,,,,,28,12,0
weekend_evening,2026-03-22,analysis,900,56700,61200,57600,61200,LD-LSA10,2026-03-22,,2026-03-22 16:00:00+00:00,16:00:00,57600,58500,900,1800,16:00-16:15,900-1800,3,LSA10_E_id3,East,,,,,,63,16,0
weekend_evening,2026-03-22,analysis,900,56700,61200,57600,61200,LD-LSA10,2026-03-22,,2026-03-22 16:00:00+00:00,16:00:00,57600,58500,900,1800,16:00-16:15,900-1800,4,LSA10_E_id4,East,,,,,,30,7,0
weekend_evening,2026-03-22,analysis,900,56700,61200,57600,61200,LD-LSA10,2026-03-22,,2026-03-22 16:00:00+00:00,16:00:00,57600,58500,900,1800,16:00-16:15,900-1800,26,LSA10_NW_id26,North-West,,,,,,7,24,0
weekend_evening,2026-03-22,analysis,900,56700,61200,57600,61200,LD-LSA10,2026-03-22,,2026-03-22 16:00:00+00:00,16:00:00,57600,58500,900,1800,16:00-16:15,900-1800,27,LSA10_NW_id27,North-West,,,,,,14,43,0
weekend_evening,2026-03-22,analysis,900,56700,61200,57600,61200,LD-LSA10,2026-03-22,,2026-03-22 16:00:00+00:00,16:00:00,57600,58500,900,1800,16:00-16:15,900-1800,29,LSA10_NE_id29,North-East,,,,,,3,5,0
weekend_evening,2026-03-22,analysis,900,56700,61200,57600,61200,LD-LSA10,2026-03-22,,2026-03-22 16:00:00+00:00,16:00:00,57600,58500,900,1800,16:00-16:15,900-1800,31,LSA10_S_id31,South,,,,,,13,30,0
weekend_evening,2026-03-22,analysis,900,56700,61200,57600,61200,LD-LSA10,2026-03-22,,2026-03-22 16:15:00+00:00,16:15:00,58500,59400,1800,2700,16:15-16:30,1800-2700,1,LSA10_W_id1,West,,,,,,101,40,0
weekend_evening,2026-03-22,analysis,900,56700,61200,57600,61200,LD-LSA10,2026-03-22,,2026-03-22 16:15:00+00:00,16:15:00,58500,59400,1800,2700,16:15-16:30,1800-2700,2,LSA10_NW_id2,North-West,,,,,,25,12,0
weekend_evening,2026-03-22,analysis,900,56700,61200,57600,61200,LD-LSA10,2026-03-22,,2026-03-22 16:15:00+00:00,16:15:00,58500,59400,1800,2700,16:15-16:30,1800-2700,3,LSA10_E_id3,East,,,,,,71,20,0
weekend_evening,2026-03-22,analysis,900,56700,61200,57600,61200,LD-LSA10,2026-03-22,,2026-03-22 16:15:00+00:00,16:15:00,58500,59400,1800,2700,16:15-16:30,1800-2700,4,LSA10_E_id4,East,,,,,,32,6,0
weekend_evening,2026-03-22,analysis,900,56700,61200,57600,61200,LD-LSA10,2026-03-22,,2026-03-22 16:15:00+00:00,16:15:00,58500,59400,1800,2700,16:15-16:30,1800-2700,26,LSA10_NW_id26,North-West,,,,,,5,7,0
weekend_evening,2026-03-22,analysis,900,56700,61200,57600,61200,LD-LSA10,2026-03-22,,2026-03-22 16:15:00+00:00,16:15:00,58500,59400,1800,2700,16:15-16:30,1800-2700,27,LSA10_NW_id27,North-West,,,,,,13,67,0
weekend_evening,2026-03-22,analysis,900,56700,61200,57600,61200,LD-LSA10,2026-03-22,,2026-03-22 16:15:00+00:00,16:15:00,58500,59400,1800,2700,16:15-16:30,1800-2700,29,LSA10_NE_id29,North-East,,,,,,7,3,0
weekend_evening,2026-03-22,analysis,900,56700,61200,57600,61200,LD-LSA10,2026-03-22,,2026-03-22 16:15:00+00:00,16:15:00,58500,59400,1800,2700,16:15-16:30,1800-2700,31,LSA10_S_id31,South,,,,,,14,28,0
weekend_evening,2026-03-22,analysis,900,56700,61200,57600,61200,LD-LSA10,2026-03-22,,2026-03-22 16:30:00+00:00,16:30:00,59400,60300,2700,3600,16:30-16:45,2700-3600,1,LSA10_W_id1,West,,,,,,61,50,0
weekend_evening,2026-03-22,analysis,900,56700,61200,57600,61200,LD-LSA10,2026-03-22,,2026-03-22 16:30:00+00:00,16:30:00,59400,60300,2700,3600,16:30-16:45,2700-3600,2,LSA10_NW_id2,North-West,,,,,,38,33,0
weekend_evening,2026-03-22,analysis,900,56700,61200,57600,61200,LD-LSA10,2026-03-22,,2026-03-22 16:30:00+00:00,16:30:00,59400,60300,2700,3600,16:30-16:45,2700-3600,3,LSA10_E_id3,East,,,,,,63,20,0
weekend_evening,2026-03-22,analysis,900,56700,61200,57600,61200,LD-LSA10,2026-03-22,,2026-03-22 16:30:00+00:00,16:30:00,59400,60300,2700,3600,16:30-16:45,2700-3600,4,LSA10_E_id4,East,,,,,,32,8,0
weekend_evening,2026-03-22,analysis,900,56700,61200,57600,61200,LD-LSA10,2026-03-22,,2026-03-22 16:30:00+00:00,16:30:00,59400,60300,2700,3600,16:30-16:45,2700-3600,26,LSA10_NW_id26,North-West,,,,,,11,38,0
weekend_evening,2026-03-22,analysis,900,56700,61200,57600,61200,LD-LSA10,2026-03-22,,2026-03-22 16:30:00+00:00,16:30:00,59400,60300,2700,3600,16:30-16:45,2700-3600,27,LSA10_NW_id27,North-West,,,,,,15,62,0
weekend_evening,2026-03-22,analysis,900,56700,61200,57600,61200,LD-LSA10,2026-03-22,,2026-03-22 16:30:00+00:00,16:30:00,59400,60300,2700,3600,16:30-16:45,2700-3600,29,LSA10_NE_id29,North-East,,,,,,10,1,0
weekend_evening,2026-03-22,analysis,900,56700,61200,57600,61200,LD-LSA10,2026-03-22,,2026-03-22 16:30:00+00:00,16:30:00,59400,60300,2700,3600,16:30-16:45,2700-3600,31,LSA10_S_id31,South,,,,,,19,27,0
weekend_evening,2026-03-22,analysis,900,56700,61200,57600,61200,LD-LSA10,2026-03-22,,2026-03-22 16:45:00+00:00,16:45:00,60300,61200,3600,4500,16:45-17:00,3600-4500,1,LSA10_W_id1,West,,,,,,87,44,0
weekend_evening,2026-03-22,analysis,900,56700,61200,57600,61200,LD-LSA10,2026-03-22,,2026-03-22 16:45:00+00:00,16:45:00,60300,61200,3600,4500,16:45-17:00,3600-4500,2,LSA10_NW_id2,North-West,,,,,,37,29,0
weekend_evening,2026-03-22,analysis,900,56700,61200,57600,61200,LD-LSA10,2026-03-22,,2026-03-22 16:45:00+00:00,16:45:00,60300,61200,3600,4500,16:45-17:00,3600-4500,3,LSA10_E_id3,East,,,,,,65,36,0
weekend_evening,2026-03-22,analysis,900,56700,61200,57600,61200,LD-LSA10,2026-03-22,,2026-03-22 16:45:00+00:00,16:45:00,60300,61200,3600,4500,16:45-17:00,3600-4500,4,LSA10_E_id4,East,,,,,,35,8,0
weekend_evening,2026-03-22,analysis,900,56700,61200,57600,61200,LD-LSA10,2026-03-22,,2026-03-22 16:45:00+00:00,16:45:00,60300,61200,3600,4500,16:45-17:00,3600-4500,26,LSA10_NW_id26,North-West,,,,,,7,26,0
weekend_evening,2026-03-22,analysis,900,56700,61200,57600,61200,LD-LSA10,2026-03-22,,2026-03-22 16:45:00+00:00,16:45:00,60300,61200,3600,4500,16:45-17:00,3600-4500,27,LSA10_NW_id27,North-West,,,,,,15,66,0
weekend_evening,2026-03-22,analysis,900,56700,61200,57600,61200,LD-LSA10,2026-03-22,,2026-03-22 16:45:00+00:00,16:45:00,60300,61200,3600,4500,16:45-17:00,3600-4500,29,LSA10_NE_id29,North-East,,,,,,4,5,0
weekend_evening,2026-03-22,analysis,900,56700,61200,57600,61200,LD-LSA10,2026-03-22,,2026-03-22 16:45:00+00:00,16:45:00,60300,61200,3600,4500,16:45-17:00,3600-4500,31,LSA10_S_id31,South,,,,,,12,24,0
weekend_evening,2026-03-22,warmup,900,56700,61200,57600,61200,LD-LSA16,2026-03-22,,2026-03-22 15:45:00+00:00,15:45:00,56700,57600,0,900,15:45-16:00,0-900,1,LSA16_S_id1,South,,,,,,28,5,0
weekend_evening,2026-03-22,warmup,900,56700,61200,57600,61200,LD-LSA16,2026-03-22,,2026-03-22 15:45:00+00:00,15:45:00,56700,57600,0,900,15:45-16:00,0-900,2,LSA16_S_id2,South,,,,,,18,9,0
weekend_evening,2026-03-22,warmup,900,56700,61200,57600,61200,LD-LSA16,2026-03-22,,2026-03-22 15:45:00+00:00,15:45:00,56700,57600,0,900,15:45-16:00,0-900,3,LSA16_W_id3,West,,,,,,51,42,0
weekend_evening,2026-03-22,warmup,900,56700,61200,57600,61200,LD-LSA16,2026-03-22,,2026-03-22 15:45:00+00:00,15:45:00,56700,57600,0,900,15:45-16:00,0-900,4,LSA16_W_id4,West,,,,,,9,26,0
weekend_evening,2026-03-22,warmup,900,56700,61200,57600,61200,LD-LSA16,2026-03-22,,2026-03-22 15:45:00+00:00,15:45:00,56700,57600,0,900,15:45-16:00,0-900,5,LSA16_W_id5,West,,,,,,44,36,0
weekend_evening,2026-03-22,warmup,900,56700,61200,57600,61200,LD-LSA16,2026-03-22,,2026-03-22 15:45:00+00:00,15:45:00,56700,57600,0,900,15:45-16:00,0-900,6,LSA16_N_id6,North,,,,,,12,2,0
weekend_evening,2026-03-22,warmup,900,56700,61200,57600,61200,LD-LSA16,2026-03-22,,2026-03-22 15:45:00+00:00,15:45:00,56700,57600,0,900,15:45-16:00,0-900,7,LSA16_N_id7,North,,,,,,25,25,0
weekend_evening,2026-03-22,warmup,900,56700,61200,57600,61200,LD-LSA16,2026-03-22,,2026-03-22 15:45:00+00:00,15:45:00,56700,57600,0,900,15:45-16:00,0-900,10,LSA16_E_id10,East,,,,,,59,14,0
weekend_evening,2026-03-22,warmup,900,56700,61200,57600,61200,LD-LSA16,2026-03-22,,2026-03-22 15:45:00+00:00,15:45:00,56700,57600,0,900,15:45-16:00,0-900,11,LSA16_E_id11,East,,,,,,32,12,0
weekend_evening,2026-03-22,warmup,900,56700,61200,57600,61200,LD-LSA16,2026-03-22,,2026-03-22 15:45:00+00:00,15:45:00,56700,57600,0,900,15:45-16:00,0-900,13,LSA16_Eout_id13,East-Exit,,,,,,79,9,0
weekend_evening,2026-03-22,warmup,900,56700,61200,57600,61200,LD-LSA16,2026-03-22,,2026-03-22 15:45:00+00:00,15:45:00,56700,57600,0,900,15:45-16:00,0-900,15,LSA16_Wout_id15,West-Exit,,,,,,64,13,0
weekend_evening,2026-03-22,warmup,900,56700,61200,57600,61200,LD-LSA16,2026-03-22,,2026-03-22 15:45:00+00:00,15:45:00,56700,57600,0,900,15:45-16:00,0-900,33,LSA16_S_id33,South,,,,,,24,8,0
weekend_evening,2026-03-22,analysis,900,56700,61200,57600,61200,LD-LSA16,2026-03-22,,2026-03-22 16:00:00+00:00,16:00:00,57600,58500,900,1800,16:00-16:15,900-1800,1,LSA16_S_id1,South,,,,,,38,19,0
weekend_evening,2026-03-22,analysis,900,56700,61200,57600,61200,LD-LSA16,2026-03-22,,2026-03-22 16:00:00+00:00,16:00:00,57600,58500,900,1800,16:00-16:15,900-1800,2,LSA16_S_id2,South,,,,,,28,14,0
weekend_evening,2026-03-22,analysis,900,56700,61200,57600,61200,LD-LSA16,2026-03-22,,2026-03-22 16:00:00+00:00,16:00:00,57600,58500,900,1800,16:00-16:15,900-1800,3,LSA16_W_id3,West,,,,,,58,58,0
weekend_evening,2026-03-22,analysis,900,56700,61200,57600,61200,LD-LSA16,2026-03-22,,2026-03-22 16:00:00+00:00,16:00:00,57600,58500,900,1800,16:00-16:15,900-1800,4,LSA16_W_id4,West,,,,,,9,13,0
weekend_evening,2026-03-22,analysis,900,56700,61200,57600,61200,LD-LSA16,2026-03-22,,2026-03-22 16:00:00+00:00,16:00:00,57600,58500,900,1800,16:00-16:15,900-1800,5,LSA16_W_id5,West,,,,,,53,54,0
weekend_evening,2026-03-22,analysis,900,56700,61200,57600,61200,LD-LSA16,2026-03-22,,2026-03-22 16:00:00+00:00,16:00:00,57600,58500,900,1800,16:00-16:15,900-1800,6,LSA16_N_id6,North,,,,,,17,4,0
weekend_evening,2026-03-22,analysis,900,56700,61200,57600,61200,LD-LSA16,2026-03-22,,2026-03-22 16:00:00+00:00,16:00:00,57600,58500,900,1800,16:00-16:15,900-1800,7,LSA16_N_id7,North,,,,,,36,42,0
weekend_evening,2026-03-22,analysis,900,56700,61200,57600,61200,LD-LSA16,2026-03-22,,2026-03-22 16:00:00+00:00,16:00:00,57600,58500,900,1800,16:00-16:15,900-1800,10,LSA16_E_id10,East,,,,,,51,18,0
weekend_evening,2026-03-22,analysis,900,56700,61200,57600,61200,LD-LSA16,2026-03-22,,2026-03-22 16:00:00+00:00,16:00:00,57600,58500,900,1800,16:00-16:15,900-1800,11,LSA16_E_id11,East,,,,,,36,11,0
weekend_evening,2026-03-22,analysis,900,56700,61200,57600,61200,LD-LSA16,2026-03-22,,2026-03-22 16:00:00+00:00,16:00:00,57600,58500,900,1800,16:00-16:15,900-1800,13,LSA16_Eout_id13,East-Exit,,,,,,112,19,0
weekend_evening,2026-03-22,analysis,900,56700,61200,57600,61200,LD-LSA16,2026-03-22,,2026-03-22 16:00:00+00:00,16:00:00,57600,58500,900,1800,16:00-16:15,900-1800,15,LSA16_Wout_id15,West-Exit,,,,,,83,8,0
weekend_evening,2026-03-22,analysis,900,56700,61200,57600,61200,LD-LSA16,2026-03-22,,2026-03-22 16:00:00+00:00,16:00:00,57600,58500,900,1800,16:00-16:15,900-1800,33,LSA16_S_id33,South,,,,,,21,17,0
weekend_evening,2026-03-22,analysis,900,56700,61200,57600,61200,LD-LSA16,2026-03-22,,2026-03-22 16:15:00+00:00,16:15:00,58500,59400,1800,2700,16:15-16:30,1800-2700,1,LSA16_S_id1,South,,,,,,40,21,0
weekend_evening,2026-03-22,analysis,900,56700,61200,57600,61200,LD-LSA16,2026-03-22,,2026-03-22 16:15:00+00:00,16:15:00,58500,59400,1800,2700,16:15-16:30,1800-2700,2,LSA16_S_id2,South,,,,,,20,10,0
weekend_evening,2026-03-22,analysis,900,56700,61200,57600,61200,LD-LSA16,2026-03-22,,2026-03-22 16:15:00+00:00,16:15:00,58500,59400,1800,2700,16:15-16:30,1800-2700,3,LSA16_W_id3,West,,,,,,55,67,0
weekend_evening,2026-03-22,analysis,900,56700,61200,57600,61200,LD-LSA16,2026-03-22,,2026-03-22 16:15:00+00:00,16:15:00,58500,59400,1800,2700,16:15-16:30,1800-2700,4,LSA16_W_id4,West,,,,,,4,14,0
weekend_evening,2026-03-22,analysis,900,56700,61200,57600,61200,LD-LSA16,2026-03-22,,2026-03-22 16:15:00+00:00,16:15:00,58500,59400,1800,2700,16:15-16:30,1800-2700,5,LSA16_W_id5,West,,,,,,42,54,0
weekend_evening,2026-03-22,analysis,900,56700,61200,57600,61200,LD-LSA16,2026-03-22,,2026-03-22 16:15:00+00:00,16:15:00,58500,59400,1800,2700,16:15-16:30,1800-2700,6,LSA16_N_id6,North,,,,,,12,7,0
weekend_evening,2026-03-22,analysis,900,56700,61200,57600,61200,LD-LSA16,2026-03-22,,2026-03-22 16:15:00+00:00,16:15:00,58500,59400,1800,2700,16:15-16:30,1800-2700,7,LSA16_N_id7,North,,,,,,35,39,0
weekend_evening,2026-03-22,analysis,900,56700,61200,57600,61200,LD-LSA16,2026-03-22,,2026-03-22 16:15:00+00:00,16:15:00,58500,59400,1800,2700,16:15-16:30,1800-2700,10,LSA16_E_id10,East,,,,,,63,9,0
weekend_evening,2026-03-22,analysis,900,56700,61200,57600,61200,LD-LSA16,2026-03-22,,2026-03-22 16:15:00+00:00,16:15:00,58500,59400,1800,2700,16:15-16:30,1800-2700,11,LSA16_E_id11,East,,,,,,30,3,0
weekend_evening,2026-03-22,analysis,900,56700,61200,57600,61200,LD-LSA16,2026-03-22,,2026-03-22 16:15:00+00:00,16:15:00,58500,59400,1800,2700,16:15-16:30,1800-2700,13,LSA16_Eout_id13,East-Exit,,,,,,106,17,0
weekend_evening,2026-03-22,analysis,900,56700,61200,57600,61200,LD-LSA16,2026-03-22,,2026-03-22 16:15:00+00:00,16:15:00,58500,59400,1800,2700,16:15-16:30,1800-2700,15,LSA16_Wout_id15,West-Exit,,,,,,71,5,0
weekend_evening,2026-03-22,analysis,900,56700,61200,57600,61200,LD-LSA16,2026-03-22,,2026-03-22 16:15:00+00:00,16:15:00,58500,59400,1800,2700,16:15-16:30,1800-2700,33,LSA16_S_id33,South,,,,,,24,9,0
weekend_evening,2026-03-22,analysis,900,56700,61200,57600,61200,LD-LSA16,2026-03-22,,2026-03-22 16:30:00+00:00,16:30:00,59400,60300,2700,3600,16:30-16:45,2700-3600,1,LSA16_S_id1,South,,,,,,34,24,0
weekend_evening,2026-03-22,analysis,900,56700,61200,57600,61200,LD-LSA16,2026-03-22,,2026-03-22 16:30:00+00:00,16:30:00,59400,60300,2700,3600,16:30-16:45,2700-3600,2,LSA16_S_id2,South,,,,,,37,14,0
weekend_evening,2026-03-22,analysis,900,56700,61200,57600,61200,LD-LSA16,2026-03-22,,2026-03-22 16:30:00+00:00,16:30:00,59400,60300,2700,3600,16:30-16:45,2700-3600,3,LSA16_W_id3,West,,,,,,68,44,0
weekend_evening,2026-03-22,analysis,900,56700,61200,57600,61200,LD-LSA16,2026-03-22,,2026-03-22 16:30:00+00:00,16:30:00,59400,60300,2700,3600,16:30-16:45,2700-3600,4,LSA16_W_id4,West,,,,,,8,24,0
weekend_evening,2026-03-22,analysis,900,56700,61200,57600,61200,LD-LSA16,2026-03-22,,2026-03-22 16:30:00+00:00,16:30:00,59400,60300,2700,3600,16:30-16:45,2700-3600,5,LSA16_W_id5,West,,,,,,63,41,0
weekend_evening,2026-03-22,analysis,900,56700,61200,57600,61200,LD-LSA16,2026-03-22,,2026-03-22 16:30:00+00:00,16:30:00,59400,60300,2700,3600,16:30-16:45,2700-3600,6,LSA16_N_id6,North,,,,,,8,2,0
weekend_evening,2026-03-22,analysis,900,56700,61200,57600,61200,LD-LSA16,2026-03-22,,2026-03-22 16:30:00+00:00,16:30:00,59400,60300,2700,3600,16:30-16:45,2700-3600,7,LSA16_N_id7,North,,,,,,40,14,0
weekend_evening,2026-03-22,analysis,900,56700,61200,57600,61200,LD-LSA16,2026-03-22,,2026-03-22 16:30:00+00:00,16:30:00,59400,60300,2700,3600,16:30-16:45,2700-3600,10,LSA16_E_id10,East,,,,,,47,30,0
weekend_evening,2026-03-22,analysis,900,56700,61200,57600,61200,LD-LSA16,2026-03-22,,2026-03-22 16:30:00+00:00,16:30:00,59400,60300,2700,3600,16:30-16:45,2700-3600,11,LSA16_E_id11,East,,,,,,35,10,0
weekend_evening,2026-03-22,analysis,900,56700,61200,57600,61200,LD-LSA16,2026-03-22,,2026-03-22 16:30:00+00:00,16:30:00,59400,60300,2700,3600,16:30-16:45,2700-3600,13,LSA16_Eout_id13,East-Exit,,,,,,111,22,0
weekend_evening,2026-03-22,analysis,900,56700,61200,57600,61200,LD-LSA16,2026-03-22,,2026-03-22 16:30:00+00:00,16:30:00,59400,60300,2700,3600,16:30-16:45,2700-3600,15,LSA16_Wout_id15,West-Exit,,,,,,75,17,0
weekend_evening,2026-03-22,analysis,900,56700,61200,57600,61200,LD-LSA16,2026-03-22,,2026-03-22 16:30:00+00:00,16:30:00,59400,60300,2700,3600,16:30-16:45,2700-3600,33,LSA16_S_id33,South,,,,,,21,20,0
weekend_evening,2026-03-22,analysis,900,56700,61200,57600,61200,LD-LSA16,2026-03-22,,2026-03-22 16:45:00+00:00,16:45:00,60300,61200,3600,4500,16:45-17:00,3600-4500,1,LSA16_S_id1,South,,,,,,36,18,0
weekend_evening,2026-03-22,analysis,900,56700,61200,57600,61200,LD-LSA16,2026-03-22,,2026-03-22 16:45:00+00:00,16:45:00,60300,61200,3600,4500,16:45-17:00,3600-4500,2,LSA16_S_id2,South,,,,,,19,18,0
weekend_evening,2026-03-22,analysis,900,56700,61200,57600,61200,LD-LSA16,2026-03-22,,2026-03-22 16:45:00+00:00,16:45:00,60300,61200,3600,4500,16:45-17:00,3600-4500,3,LSA16_W_id3,West,,,,,,51,51,0
weekend_evening,2026-03-22,analysis,900,56700,61200,57600,61200,LD-LSA16,2026-03-22,,2026-03-22 16:45:00+00:00,16:45:00,60300,61200,3600,4500,16:45-17:00,3600-4500,4,LSA16_W_id4,West,,,,,,7,15,0
weekend_evening,2026-03-22,analysis,900,56700,61200,57600,61200,LD-LSA16,2026-03-22,,2026-03-22 16:45:00+00:00,16:45:00,60300,61200,3600,4500,16:45-17:00,3600-4500,5,LSA16_W_id5,West,,,,,,47,42,0
weekend_evening,2026-03-22,analysis,900,56700,61200,57600,61200,LD-LSA16,2026-03-22,,2026-03-22 16:45:00+00:00,16:45:00,60300,61200,3600,4500,16:45-17:00,3600-4500,6,LSA16_N_id6,North,,,,,,13,4,0
weekend_evening,2026-03-22,analysis,900,56700,61200,57600,61200,LD-LSA16,2026-03-22,,2026-03-22 16:45:00+00:00,16:45:00,60300,61200,3600,4500,16:45-17:00,3600-4500,7,LSA16_N_id7,North,,,,,,38,21,0
weekend_evening,2026-03-22,analysis,900,56700,61200,57600,61200,LD-LSA16,2026-03-22,,2026-03-22 16:45:00+00:00,16:45:00,60300,61200,3600,4500,16:45-17:00,3600-4500,10,LSA16_E_id10,East,,,,,,66,32,0
weekend_evening,2026-03-22,analysis,900,56700,61200,57600,61200,LD-LSA16,2026-03-22,,2026-03-22 16:45:00+00:00,16:45:00,60300,61200,3600,4500,16:45-17:00,3600-4500,11,LSA16_E_id11,East,,,,,,33,16,0
weekend_evening,2026-03-22,analysis,900,56700,61200,57600,61200,LD-LSA16,2026-03-22,,2026-03-22 16:45:00+00:00,16:45:00,60300,61200,3600,4500,16:45-17:00,3600-4500,13,LSA16_Eout_id13,East-Exit,,,,,,95,20,0
weekend_evening,2026-03-22,analysis,900,56700,61200,57600,61200,LD-LSA16,2026-03-22,,2026-03-22 16:45:00+00:00,16:45:00,60300,61200,3600,4500,16:45-17:00,3600-4500,15,LSA16_Wout_id15,West-Exit,,,,,,82,20,0
weekend_evening,2026-03-22,analysis,900,56700,61200,57600,61200,LD-LSA16,2026-03-22,,2026-03-22 16:45:00+00:00,16:45:00,60300,61200,3600,4500,16:45-17:00,3600-4500,33,LSA16_S_id33,South,,,,,,21,13,0
weekend_evening,2026-03-22,warmup,900,56700,61200,57600,61200,LD-LSA9,2026-03-22,,2026-03-22 15:45:00+00:00,15:45:00,56700,57600,0,900,15:45-16:00,0-900,1,LSA9_W_id1,West,,,,,,42,45,0
weekend_evening,2026-03-22,warmup,900,56700,61200,57600,61200,LD-LSA9,2026-03-22,,2026-03-22 15:45:00+00:00,15:45:00,56700,57600,0,900,15:45-16:00,0-900,2,LSA9_W_id2,West,,,,,,89,36,0
weekend_evening,2026-03-22,warmup,900,56700,61200,57600,61200,LD-LSA9,2026-03-22,,2026-03-22 15:45:00+00:00,15:45:00,56700,57600,0,900,15:45-16:00,0-900,3,,North-East,,,,,,2,7,0
weekend_evening,2026-03-22,warmup,900,56700,61200,57600,61200,LD-LSA9,2026-03-22,,2026-03-22 15:45:00+00:00,15:45:00,56700,57600,0,900,15:45-16:00,0-900,4,LSA9_WE_id4,North-West,,,,,,11,32,0
weekend_evening,2026-03-22,warmup,900,56700,61200,57600,61200,LD-LSA9,2026-03-22,,2026-03-22 15:45:00+00:00,15:45:00,56700,57600,0,900,15:45-16:00,0-900,5,LSA9_WE_id5,North-West,,,,,,11,37,0
weekend_evening,2026-03-22,warmup,900,56700,61200,57600,61200,LD-LSA9,2026-03-22,,2026-03-22 15:45:00+00:00,15:45:00,56700,57600,0,900,15:45-16:00,0-900,6,LSA9_WE_id6,North-West,,,,,,17,10,0
weekend_evening,2026-03-22,warmup,900,56700,61200,57600,61200,LD-LSA9,2026-03-22,,2026-03-22 15:45:00+00:00,15:45:00,56700,57600,0,900,15:45-16:00,0-900,7,LSA9_WE_id7,North-West,,,,,,18,13,0
weekend_evening,2026-03-22,warmup,900,56700,61200,57600,61200,LD-LSA9,2026-03-22,,2026-03-22 15:45:00+00:00,15:45:00,56700,57600,0,900,15:45-16:00,0-900,8,LSA9_E_id8,East,,,,,,83,34,0
weekend_evening,2026-03-22,warmup,900,56700,61200,57600,61200,LD-LSA9,2026-03-22,,2026-03-22 15:45:00+00:00,15:45:00,56700,57600,0,900,15:45-16:00,0-900,9,LSA9_E_id9,East,,,,,,39,15,0
weekend_evening,2026-03-22,warmup,900,56700,61200,57600,61200,LD-LSA9,2026-03-22,,2026-03-22 15:45:00+00:00,15:45:00,56700,57600,0,900,15:45-16:00,0-900,10,,South,,,,,,4,0,0
weekend_evening,2026-03-22,warmup,900,56700,61200,57600,61200,LD-LSA9,2026-03-22,,2026-03-22 15:45:00+00:00,15:45:00,56700,57600,0,900,15:45-16:00,0-900,11,,Middle,,,,,,46,19,0
weekend_evening,2026-03-22,analysis,900,56700,61200,57600,61200,LD-LSA9,2026-03-22,,2026-03-22 16:00:00+00:00,16:00:00,57600,58500,900,1800,16:00-16:15,900-1800,1,LSA9_W_id1,West,,,,,,102,45,0
weekend_evening,2026-03-22,analysis,900,56700,61200,57600,61200,LD-LSA9,2026-03-22,,2026-03-22 16:00:00+00:00,16:00:00,57600,58500,900,1800,16:00-16:15,900-1800,2,LSA9_W_id2,West,,,,,,75,46,0
weekend_evening,2026-03-22,analysis,900,56700,61200,57600,61200,LD-LSA9,2026-03-22,,2026-03-22 16:00:00+00:00,16:00:00,57600,58500,900,1800,16:00-16:15,900-1800,3,,North-East,,,,,,1,0,0
weekend_evening,2026-03-22,analysis,900,56700,61200,57600,61200,LD-LSA9,2026-03-22,,2026-03-22 16:00:00+00:00,16:00:00,57600,58500,900,1800,16:00-16:15,900-1800,4,LSA9_WE_id4,North-West,,,,,,11,32,0
weekend_evening,2026-03-22,analysis,900,56700,61200,57600,61200,LD-LSA9,2026-03-22,,2026-03-22 16:00:00+00:00,16:00:00,57600,58500,900,1800,16:00-16:15,900-1800,5,LSA9_WE_id5,North-West,,,,,,9,25,0
weekend_evening,2026-03-22,analysis,900,56700,61200,57600,61200,LD-LSA9,2026-03-22,,2026-03-22 16:00:00+00:00,16:00:00,57600,58500,900,1800,16:00-16:15,900-1800,6,LSA9_WE_id6,North-West,,,,,,15,6,0
weekend_evening,2026-03-22,analysis,900,56700,61200,57600,61200,LD-LSA9,2026-03-22,,2026-03-22 16:00:00+00:00,16:00:00,57600,58500,900,1800,16:00-16:15,900-1800,7,LSA9_WE_id7,North-West,,,,,,14,2,0
weekend_evening,2026-03-22,analysis,900,56700,61200,57600,61200,LD-LSA9,2026-03-22,,2026-03-22 16:00:00+00:00,16:00:00,57600,58500,900,1800,16:00-16:15,900-1800,8,LSA9_E_id8,East,,,,,,92,22,0
weekend_evening,2026-03-22,analysis,900,56700,61200,57600,61200,LD-LSA9,2026-03-22,,2026-03-22 16:00:00+00:00,16:00:00,57600,58500,900,1800,16:00-16:15,900-1800,9,LSA9_E_id9,East,,,,,,44,6,0
weekend_evening,2026-03-22,analysis,900,56700,61200,57600,61200,LD-LSA9,2026-03-22,,2026-03-22 16:00:00+00:00,16:00:00,57600,58500,900,1800,16:00-16:15,900-1800,10,,South,,,,,,7,0,0
weekend_evening,2026-03-22,analysis,900,56700,61200,57600,61200,LD-LSA9,2026-03-22,,2026-03-22 16:00:00+00:00,16:00:00,57600,58500,900,1800,16:00-16:15,900-1800,11,,Middle,,,,,,42,18,0
weekend_evening,2026-03-22,analysis,900,56700,61200,57600,61200,LD-LSA9,2026-03-22,,2026-03-22 16:15:00+00:00,16:15:00,58500,59400,1800,2700,16:15-16:30,1800-2700,1,LSA9_W_id1,West,,,,,,47,47,0
weekend_evening,2026-03-22,analysis,900,56700,61200,57600,61200,LD-LSA9,2026-03-22,,2026-03-22 16:15:00+00:00,16:15:00,58500,59400,1800,2700,16:15-16:30,1800-2700,2,LSA9_W_id2,West,,,,,,113,38,0
weekend_evening,2026-03-22,analysis,900,56700,61200,57600,61200,LD-LSA9,2026-03-22,,2026-03-22 16:15:00+00:00,16:15:00,58500,59400,1800,2700,16:15-16:30,1800-2700,3,,North-East,,,,,,0,0,0
weekend_evening,2026-03-22,analysis,900,56700,61200,57600,61200,LD-LSA9,2026-03-22,,2026-03-22 16:15:00+00:00,16:15:00,58500,59400,1800,2700,16:15-16:30,1800-2700,4,LSA9_WE_id4,North-West,,,,,,15,48,0
weekend_evening,2026-03-22,analysis,900,56700,61200,57600,61200,LD-LSA9,2026-03-22,,2026-03-22 16:15:00+00:00,16:15:00,58500,59400,1800,2700,16:15-16:30,1800-2700,5,LSA9_WE_id5,North-West,,,,,,7,19,0
weekend_evening,2026-03-22,analysis,900,56700,61200,57600,61200,LD-LSA9,2026-03-22,,2026-03-22 16:15:00+00:00,16:15:00,58500,59400,1800,2700,16:15-16:30,1800-2700,6,LSA9_WE_id6,North-West,,,,,,22,25,0
weekend_evening,2026-03-22,analysis,900,56700,61200,57600,61200,LD-LSA9,2026-03-22,,2026-03-22 16:15:00+00:00,16:15:00,58500,59400,1800,2700,16:15-16:30,1800-2700,7,LSA9_WE_id7,North-West,,,,,,15,9,0
weekend_evening,2026-03-22,analysis,900,56700,61200,57600,61200,LD-LSA9,2026-03-22,,2026-03-22 16:15:00+00:00,16:15:00,58500,59400,1800,2700,16:15-16:30,1800-2700,8,LSA9_E_id8,East,,,,,,82,35,0
weekend_evening,2026-03-22,analysis,900,56700,61200,57600,61200,LD-LSA9,2026-03-22,,2026-03-22 16:15:00+00:00,16:15:00,58500,59400,1800,2700,16:15-16:30,1800-2700,9,LSA9_E_id9,East,,,,,,42,9,0
weekend_evening,2026-03-22,analysis,900,56700,61200,57600,61200,LD-LSA9,2026-03-22,,2026-03-22 16:15:00+00:00,16:15:00,58500,59400,1800,2700,16:15-16:30,1800-2700,10,,South,,,,,,7,1,0
weekend_evening,2026-03-22,analysis,900,56700,61200,57600,61200,LD-LSA9,2026-03-22,,2026-03-22 16:15:00+00:00,16:15:00,58500,59400,1800,2700,16:15-16:30,1800-2700,11,,Middle,,,,,,41,13,0
weekend_evening,2026-03-22,analysis,900,56700,61200,57600,61200,LD-LSA9,2026-03-22,,2026-03-22 16:30:00+00:00,16:30:00,59400,60300,2700,3600,16:30-16:45,2700-3600,1,LSA9_W_id1,West,,,,,,67,53,0
weekend_evening,2026-03-22,analysis,900,56700,61200,57600,61200,LD-LSA9,2026-03-22,,2026-03-22 16:30:00+00:00,16:30:00,59400,60300,2700,3600,16:30-16:45,2700-3600,2,LSA9_W_id2,West,,,,,,83,45,0
weekend_evening,2026-03-22,analysis,900,56700,61200,57600,61200,LD-LSA9,2026-03-22,,2026-03-22 16:30:00+00:00,16:30:00,59400,60300,2700,3600,16:30-16:45,2700-3600,3,,North-East,,,,,,2,0,0
weekend_evening,2026-03-22,analysis,900,56700,61200,57600,61200,LD-LSA9,2026-03-22,,2026-03-22 16:30:00+00:00,16:30:00,59400,60300,2700,3600,16:30-16:45,2700-3600,4,LSA9_WE_id4,North-West,,,,,,16,53,0
weekend_evening,2026-03-22,analysis,900,56700,61200,57600,61200,LD-LSA9,2026-03-22,,2026-03-22 16:30:00+00:00,16:30:00,59400,60300,2700,3600,16:30-16:45,2700-3600,5,LSA9_WE_id5,North-West,,,,,,9,39,0
weekend_evening,2026-03-22,analysis,900,56700,61200,57600,61200,LD-LSA9,2026-03-22,,2026-03-22 16:30:00+00:00,16:30:00,59400,60300,2700,3600,16:30-16:45,2700-3600,6,LSA9_WE_id6,North-West,,,,,,20,6,0
weekend_evening,2026-03-22,analysis,900,56700,61200,57600,61200,LD-LSA9,2026-03-22,,2026-03-22 16:30:00+00:00,16:30:00,59400,60300,2700,3600,16:30-16:45,2700-3600,7,LSA9_WE_id7,North-West,,,,,,15,8,0
weekend_evening,2026-03-22,analysis,900,56700,61200,57600,61200,LD-LSA9,2026-03-22,,2026-03-22 16:30:00+00:00,16:30:00,59400,60300,2700,3600,16:30-16:45,2700-3600,8,LSA9_E_id8,East,,,,,,91,32,0
weekend_evening,2026-03-22,analysis,900,56700,61200,57600,61200,LD-LSA9,2026-03-22,,2026-03-22 16:30:00+00:00,16:30:00,59400,60300,2700,3600,16:30-16:45,2700-3600,9,LSA9_E_id9,East,,,,,,52,15,0
weekend_evening,2026-03-22,analysis,900,56700,61200,57600,61200,LD-LSA9,2026-03-22,,2026-03-22 16:30:00+00:00,16:30:00,59400,60300,2700,3600,16:30-16:45,2700-3600,10,,South,,,,,,11,11,0
weekend_evening,2026-03-22,analysis,900,56700,61200,57600,61200,LD-LSA9,2026-03-22,,2026-03-22 16:30:00+00:00,16:30:00,59400,60300,2700,3600,16:30-16:45,2700-3600,11,,Middle,,,,,,41,15,0
weekend_evening,2026-03-22,analysis,900,56700,61200,57600,61200,LD-LSA9,2026-03-22,,2026-03-22 16:45:00+00:00,16:45:00,60300,61200,3600,4500,16:45-17:00,3600-4500,1,LSA9_W_id1,West,,,,,,51,62,0
weekend_evening,2026-03-22,analysis,900,56700,61200,57600,61200,LD-LSA9,2026-03-22,,2026-03-22 16:45:00+00:00,16:45:00,60300,61200,3600,4500,16:45-17:00,3600-4500,2,LSA9_W_id2,West,,,,,,80,57,0
weekend_evening,2026-03-22,analysis,900,56700,61200,57600,61200,LD-LSA9,2026-03-22,,2026-03-22 16:45:00+00:00,16:45:00,60300,61200,3600,4500,16:45-17:00,3600-4500,3,,North-East,,,,,,9,5,0
weekend_evening,2026-03-22,analysis,900,56700,61200,57600,61200,LD-LSA9,2026-03-22,,2026-03-22 16:45:00+00:00,16:45:00,60300,61200,3600,4500,16:45-17:00,3600-4500,4,LSA9_WE_id4,North-West,,,,,,11,42,0
weekend_evening,2026-03-22,analysis,900,56700,61200,57600,61200,LD-LSA9,2026-03-22,,2026-03-22 16:45:00+00:00,16:45:00,60300,61200,3600,4500,16:45-17:00,3600-4500,5,LSA9_WE_id5,North-West,,,,,,9,39,0
weekend_evening,2026-03-22,analysis,900,56700,61200,57600,61200,LD-LSA9,2026-03-22,,2026-03-22 16:45:00+00:00,16:45:00,60300,61200,3600,4500,16:45-17:00,3600-4500,6,LSA9_WE_id6,North-West,,,,,,19,30,0
weekend_evening,2026-03-22,analysis,900,56700,61200,57600,61200,LD-LSA9,2026-03-22,,2026-03-22 16:45:00+00:00,16:45:00,60300,61200,3600,4500,16:45-17:00,3600-4500,7,LSA9_WE_id7,North-West,,,,,,13,11,0
weekend_evening,2026-03-22,analysis,900,56700,61200,57600,61200,LD-LSA9,2026-03-22,,2026-03-22 16:45:00+00:00,16:45:00,60300,61200,3600,4500,16:45-17:00,3600-4500,8,LSA9_E_id8,East,,,,,,79,41,0
weekend_evening,2026-03-22,analysis,900,56700,61200,57600,61200,LD-LSA9,2026-03-22,,2026-03-22 16:45:00+00:00,16:45:00,60300,61200,3600,4500,16:45-17:00,3600-4500,9,LSA9_E_id9,East,,,,,,36,19,0
weekend_evening,2026-03-22,analysis,900,56700,61200,57600,61200,LD-LSA9,2026-03-22,,2026-03-22 16:45:00+00:00,16:45:00,60300,61200,3600,4500,16:45-17:00,3600-4500,10,,South,,,,,,6,1,0
weekend_evening,2026-03-22,analysis,900,56700,61200,57600,61200,LD-LSA9,2026-03-22,,2026-03-22 16:45:00+00:00,16:45:00,60300,61200,3600,4500,16:45-17:00,3600-4500,11,,Middle,,,,,,32,22,0
