block_id,start_time,end_time,date,K1,K2,K3,K4,K5,K6,pattern,stage,program,n_seconds,duration_s
1,2026-03-10 08:00:00+01:00,2026-03-10 08:00:03+01:00,2026-03-10,4,2,2,2,2,4,4-2-2-2-2-4,5,3,4,4
2,2026-03-10 08:00:04+01:00,2026-03-10 08:00:06+01:00,2026-03-10,3,2,2,2,2,4,3-2-2-2-2-4,5,3,3,3
3,2026-03-10 08:00:07+01:00,2026-03-10 08:00:09+01:00,2026-03-10,2,2,2,2,2,3,2-2-2-2-2-3,5,3,3,3
4,2026-03-10 08:00:10+01:00,2026-03-10 08:00:10+01:00,2026-03-10,2,5,2,2,5,2,2-5-2-2-5-2,5,3,1,1
5,2026-03-10 08:00:11+01:00,2026-03-10 08:00:29+01:00,2026-03-10,2,4,2,2,4,2,2-4-2-2-4-2,5,3,19,19
6,2026-03-10 08:00:30+01:00,2026-03-10 08:00:32+01:00,2026-03-10,2,3,2,2,3,2,2-3-2-2-3-2,4,3,3,3
7,2026-03-10 08:00:33+01:00,2026-03-10 08:00:35+01:00,2026-03-10,2,2,2,2,2,2,2-2-2-2-2-2,4,3,3,3
8,2026-03-10 08:00:36+01:00,2026-03-10 08:00:36+01:00,2026-03-10,2,2,5,5,2,2,2-2-5-5-2-2,4,3,1,1
9,2026-03-10 08:00:37+01:00,2026-03-10 08:00:46+01:00,2026-03-10,2,2,4,4,2,2,2-2-4-4-2-2,6,3,10,10
10,2026-03-10 08:00:47+01:00,2026-03-10 08:00:49+01:00,2026-03-10,2,2,4,3,2,2,2-2-4-3-2-2,6,3,3,3
11,2026-03-10 08:00:50+01:00,2026-03-10 08:00:52+01:00,2026-03-10,2,2,4,2,2,2,2-2-4-2-2-2,6,3,3,3
12,2026-03-10 08:00:53+01:00,2026-03-10 08:00:53+01:00,2026-03-10,5,2,4,2,2,2,5-2-4-2-2-2,6,3,1,1
13,2026-03-10 08:00:54+01:00,2026-03-10 08:01:20+01:00,2026-03-10,4,2,4,2,2,2,4-2-4-2-2-2,1,3,27,27
14,2026-03-10 08:01:21+01:00,2026-03-10 08:01:23+01:00,2026-03-10,4,2,3,2,2,2,4-2-3-2-2-2,2,3,3,3
15,2026-03-10 08:01:24+01:00,2026-03-10 08:01:24+01:00,2026-03-10,4,2,2,2,2,5,4-2-2-2-2-5,2,3,1,1
16,2026-03-10 08:01:25+01:00,2026-03-10 08:01:34+01:00,2026-03-10,4,2,2,2,2,4,4-2-2-2-2-4,5,3,10,10
17,2026-03-10 08:01:35+01:00,2026-03-10 08:01:37+01:00,2026-03-10,3,2,2,2,2,4,3-2-2-2-2-4,5,3,3,3
18,2026-03-10 08:01:38+01:00,2026-03-10 08:01:40+01:00,2026-03-10,2,2,2,2,2,3,2-2-2-2-2-3,5,3,3,3
19,2026-03-10 08:01:41+01:00,2026-03-10 08:01:41+01:00,2026-03-10,2,5,2,2,5,2,2-5-2-2-5-2,5,3,1,1
20,2026-03-10 08:01:42+01:00,2026-03-10 08:02:01+01:00,2026-03-10,2,4,2,2,4,2,2-4-2-2-4-2,5,3,20,20
21,2026-03-10 08:02:02+01:00,2026-03-10 08:02:02+01:00,2026-03-10,2,3,2,2,4,2,2-3-2-2-4-2,4,3,1,1
22,2026-03-10 08:02:03+01:00,2026-03-10 08:02:04+01:00,2026-03-10,2,3,2,2,3,2,2-3-2-2-3-2,4,3,2,2
23,2026-03-10 08:02:05+01:00,2026-03-10 08:02:05+01:00,2026-03-10,2,2,2,2,3,2,2-2-2-2-3-2,4,3,1,1
24,2026-03-10 08:02:06+01:00,2026-03-10 08:02:08+01:00,2026-03-10,2,2,2,2,2,2,2-2-2-2-2-2,4,3,3,3
25,2026-03-10 08:02:09+01:00,2026-03-10 08:02:09+01:00,2026-03-10,5,2,2,2,2,2,5-2-2-2-2-2,4,3,1,1
26,2026-03-10 08:02:10+01:00,2026-03-10 08:02:10+01:00,2026-03-10,4,2,5,2,2,2,4-2-5-2-2-2,4,3,1,1
27,2026-03-10 08:02:11+01:00,2026-03-10 08:03:02+01:00,2026-03-10,4,2,4,2,2,2,4-2-4-2-2-2,1,3,52,52
28,2026-03-10 08:03:03+01:00,2026-03-10 08:03:05+01:00,2026-03-10,3,2,3,2,2,2,3-2-3-2-2-2,2,3,3,3
29,2026-03-10 08:03:06+01:00,2026-03-10 08:03:08+01:00,2026-03-10,2,2,2,2,2,2,2-2-2-2-2-2,2,3,3,3
30,2026-03-10 08:03:09+01:00,2026-03-10 08:03:09+01:00,2026-03-10,2,5,2,2,5,2,2-5-2-2-5-2,2,3,1,1
31,2026-03-10 08:03:10+01:00,2026-03-10 08:03:29+01:00,2026-03-10,2,4,2,2,4,2,2-4-2-2-4-2,3,3,20,20
32,2026-03-10 08:03:30+01:00,2026-03-10 08:03:32+01:00,2026-03-10,2,3,2,2,3,2,2-3-2-2-3-2,4,3,3,3
33,2026-03-10 08:03:33+01:00,2026-03-10 08:03:35+01:00,2026-03-10,2,2,2,2,2,2,2-2-2-2-2-2,4,3,3,3
34,2026-03-10 08:03:36+01:00,2026-03-10 08:03:36+01:00,2026-03-10,2,2,5,5,2,2,2-2-5-5-2-2,4,3,1,1
35,2026-03-10 08:03:37+01:00,2026-03-10 08:03:50+01:00,2026-03-10,2,2,4,4,2,2,2-2-4-4-2-2,6,3,14,14
36,2026-03-10 08:03:51+01:00,2026-03-10 08:03:53+01:00,2026-03-10,2,2,4,3,2,2,2-2-4-3-2-2,6,3,3,3
37,2026-03-10 08:03:54+01:00,2026-03-10 08:03:56+01:00,2026-03-10,2,2,4,2,2,2,2-2-4-2-2-2,6,3,3,3
38,2026-03-10 08:03:57+01:00,2026-03-10 08:03:57+01:00,2026-03-10,5,2,4,2,2,2,5-2-4-2-2-2,6,3,1,1
39,2026-03-10 08:03:58+01:00,2026-03-10 08:04:32+01:00,2026-03-10,4,2,4,2,2,2,4-2-4-2-2-2,1,3,35,35
40,2026-03-10 08:04:33+01:00,2026-03-10 08:04:35+01:00,2026-03-10,3,2,3,2,2,2,3-2-3-2-2-2,2,3,3,3
41,2026-03-10 08:04:36+01:00,2026-03-10 08:04:38+01:00,2026-03-10,2,2,2,2,2,2,2-2-2-2-2-2,2,3,3,3
42,2026-03-10 08:04:39+01:00,2026-03-10 08:04:39+01:00,2026-03-10,2,5,2,2,5,2,2-5-2-2-5-2,2,3,1,1
43,2026-03-10 08:04:40+01:00,2026-03-10 08:05:10+01:00,2026-03-10,2,4,2,2,4,2,2-4-2-2-4-2,3,3,31,31
44,2026-03-10 08:05:11+01:00,2026-03-10 08:05:13+01:00,2026-03-10,2,3,2,2,3,2,2-3-2-2-3-2,4,3,3,3
45,2026-03-10 08:05:14+01:00,2026-03-10 08:05:16+01:00,2026-03-10,2,2,2,2,2,2,2-2-2-2-2-2,4,3,3,3
46,2026-03-10 08:05:17+01:00,2026-03-10 08:05:17+01:00,2026-03-10,2,2,5,5,2,2,2-2-5-5-2-2,4,3,1,1
47,2026-03-10 08:05:18+01:00,2026-03-10 08:05:22+01:00,2026-03-10,2,2,4,4,2,2,2-2-4-4-2-2,6,3,5,5
48,2026-03-10 08:05:23+01:00,2026-03-10 08:05:25+01:00,2026-03-10,2,2,4,3,2,2,2-2-4-3-2-2,6,3,3,3
49,2026-03-10 08:05:26+01:00,2026-03-10 08:05:28+01:00,2026-03-10,2,2,4,2,2,2,2-2-4-2-2-2,6,3,3,3
50,2026-03-10 08:05:29+01:00,2026-03-10 08:05:29+01:00,2026-03-10,5,2,4,2,2,2,5-2-4-2-2-2,6,3,1,1
51,2026-03-10 08:05:30+01:00,2026-03-10 08:05:50+01:00,2026-03-10,4,2,4,2,2,2,4-2-4-2-2-2,1,3,21,21
52,2026-03-10 08:05:51+01:00,2026-03-10 08:05:53+01:00,2026-03-10,4,2,3,2,2,2,4-2-3-2-2-2,2,3,3,3
53,2026-03-10 08:05:54+01:00,2026-03-10 08:05:54+01:00,2026-03-10,4,2,2,2,2,5,4-2-2-2-2-5,2,3,1,1
54,2026-03-10 08:05:55+01:00,2026-03-10 08:06:05+01:00,2026-03-10,4,2,2,2,2,4,4-2-2-2-2-4,5,3,11,11
55,2026-03-10 08:06:06+01:00,2026-03-10 08:06:08+01:00,2026-03-10,3,2,2,2,2,4,3-2-2-2-2-4,5,3,3,3
56,2026-03-10 08:06:09+01:00,2026-03-10 08:06:11+01:00,2026-03-10,2,2,2,2,2,3,2-2-2-2-2-3,5,3,3,3
57,2026-03-10 08:06:12+01:00,2026-03-10 08:06:12+01:00,2026-03-10,2,5,2,2,5,2,2-5-2-2-5-2,5,3,1,1
58,2026-03-10 08:06:13+01:00,2026-03-10 08:06:40+01:00,2026-03-10,2,4,2,2,4,2,2-4-2-2-4-2,5,3,28,28
59,2026-03-10 08:06:41+01:00,2026-03-10 08:06:43+01:00,2026-03-10,2,3,2,2,3,2,2-3-2-2-3-2,4,3,3,3
60,2026-03-10 08:06:44+01:00,2026-03-10 08:06:46+01:00,2026-03-10,2,2,2,2,2,2,2-2-2-2-2-2,4,3,3,3
61,2026-03-10 08:06:47+01:00,2026-03-10 08:06:47+01:00,2026-03-10,2,2,5,5,2,2,2-2-5-5-2-2,4,3,1,1
62,2026-03-10 08:06:48+01:00,2026-03-10 08:06:52+01:00,2026-03-10,2,2,4,4,2,2,2-2-4-4-2-2,6,3,5,5
63,2026-03-10 08:06:53+01:00,2026-03-10 08:06:55+01:00,2026-03-10,2,2,4,3,2,2,2-2-4-3-2-2,6,3,3,3
64,2026-03-10 08:06:56+01:00,2026-03-10 08:06:58+01:00,2026-03-10,2,2,4,2,2,2,2-2-4-2-2-2,6,3,3,3
65,2026-03-10 08:06:59+01:00,2026-03-10 08:06:59+01:00,2026-03-10,5,2,4,2,2,2,5-2-4-2-2-2,6,3,1,1
66,2026-03-10 08:07:00+01:00,2026-03-10 08:07:20+01:00,2026-03-10,4,2,4,2,2,2,4-2-4-2-2-2,1,3,21,21
67,2026-03-10 08:07:21+01:00,2026-03-10 08:07:23+01:00,2026-03-10,4,2,3,2,2,2,4-2-3-2-2-2,2,3,3,3
68,2026-03-10 08:07:24+01:00,2026-03-10 08:07:24+01:00,2026-03-10,4,2,2,2,2,5,4-2-2-2-2-5,2,3,1,1
69,2026-03-10 08:07:25+01:00,2026-03-10 08:07:32+01:00,2026-03-10,4,2,2,2,2,4,4-2-2-2-2-4,5,3,8,8
70,2026-03-10 08:07:33+01:00,2026-03-10 08:07:35+01:00,2026-03-10,3,2,2,2,2,4,3-2-2-2-2-4,5,3,3,3
71,2026-03-10 08:07:36+01:00,2026-03-10 08:07:38+01:00,2026-03-10,2,2,2,2,2,3,2-2-2-2-2-3,5,3,3,3
72,2026-03-10 08:07:39+01:00,2026-03-10 08:07:39+01:00,2026-03-10,2,5,2,2,5,2,2-5-2-2-5-2,5,3,1,1
73,2026-03-10 08:07:40+01:00,2026-03-10 08:07:59+01:00,2026-03-10,2,4,2,2,4,2,2-4-2-2-4-2,5,3,20,20
74,2026-03-10 08:08:00+01:00,2026-03-10 08:08:02+01:00,2026-03-10,2,3,2,2,3,2,2-3-2-2-3-2,4,3,3,3
75,2026-03-10 08:08:03+01:00,2026-03-10 08:08:05+01:00,2026-03-10,2,2,2,2,2,2,2-2-2-2-2-2,4,3,3,3
76,2026-03-10 08:08:06+01:00,2026-03-10 08:08:06+01:00,2026-03-10,2,2,5,5,2,2,2-2-5-5-2-2,4,3,1,1
77,2026-03-10 08:08:07+01:00,2026-03-10 08:08:21+01:00,2026-03-10,2,2,4,4,2,2,2-2-4-4-2-2,6,3,15,15
78,2026-03-10 08:08:22+01:00,2026-03-10 08:08:24+01:00,2026-03-10,2,2,4,3,2,2,2-2-4-3-2-2,6,3,3,3
79,2026-03-10 08:08:25+01:00,2026-03-10 08:08:27+01:00,2026-03-10,2,2,4,2,2,2,2-2-4-2-2-2,6,3,3,3
80,2026-03-10 08:08:28+01:00,2026-03-10 08:08:28+01:00,2026-03-10,5,2,4,2,2,2,5-2-4-2-2-2,6,3,1,1
81,2026-03-10 08:08:29+01:00,2026-03-10 08:08:50+01:00,2026-03-10,4,2,4,2,2,2,4-2-4-2-2-2,1,3,22,22
82,2026-03-10 08:08:51+01:00,2026-03-10 08:08:53+01:00,2026-03-10,4,2,3,2,2,2,4-2-3-2-2-2,2,3,3,3
83,2026-03-10 08:08:54+01:00,2026-03-10 08:08:54+01:00,2026-03-10,4,2,2,2,2,5,4-2-2-2-2-5,2,3,1,1
84,2026-03-10 08:08:55+01:00,2026-03-10 08:09:01+01:00,2026-03-10,4,2,2,2,2,4,4-2-2-2-2-4,5,3,7,7
85,2026-03-10 08:09:02+01:00,2026-03-10 08:09:04+01:00,2026-03-10,3,2,2,2,2,4,3-2-2-2-2-4,5,3,3,3
86,2026-03-10 08:09:05+01:00,2026-03-10 08:09:07+01:00,2026-03-10,2,2,2,2,2,3,2-2-2-2-2-3,5,3,3,3
87,2026-03-10 08:09:08+01:00,2026-03-10 08:09:08+01:00,2026-03-10,2,5,2,2,5,2,2-5-2-2-5-2,5,3,1,1
88,2026-03-10 08:09:09+01:00,2026-03-10 08:09:39+01:00,2026-03-10,2,4,2,2,4,2,2-4-2-2-4-2,5,3,31,31
89,2026-03-10 08:09:40+01:00,2026-03-10 08:09:40+01:00,2026-03-10,2,3,2,2,4,2,2-3-2-2-4-2,4,3,1,1
90,2026-03-10 08:09:41+01:00,2026-03-10 08:09:42+01:00,2026-03-10,2,3,2,2,3,2,2-3-2-2-3-2,4,3,2,2
91,2026-03-10 08:09:43+01:00,2026-03-10 08:09:43+01:00,2026-03-10,2,2,2,2,3,2,2-2-2-2-3-2,4,3,1,1
92,2026-03-10 08:09:44+01:00,2026-03-10 08:09:46+01:00,2026-03-10,2,2,2,2,2,2,2-2-2-2-2-2,4,3,3,3
93,2026-03-10 08:09:47+01:00,2026-03-10 08:09:47+01:00,2026-03-10,5,2,2,2,2,2,5-2-2-2-2-2,4,3,1,1
94,2026-03-10 08:09:48+01:00,2026-03-10 08:09:48+01:00,2026-03-10,4,2,5,2,2,2,4-2-5-2-2-2,4,3,1,1
95,2026-03-10 08:09:49+01:00,2026-03-10 08:10:32+01:00,2026-03-10,4,2,4,2,2,2,4-2-4-2-2-2,1,3,44,44
96,2026-03-10 08:10:33+01:00,2026-03-10 08:10:35+01:00,2026-03-10,3,2,3,2,2,2,3-2-3-2-2-2,2,3,3,3
97,2026-03-10 08:10:36+01:00,2026-03-10 08:10:38+01:00,2026-03-10,2,2,2,2,2,2,2-2-2-2-2-2,2,3,3,3
98,2026-03-10 08:10:39+01:00,2026-03-10 08:10:39+01:00,2026-03-10,2,5,2,2,5,2,2-5-2-2-5-2,2,3,1,1
99,2026-03-10 08:10:40+01:00,2026-03-10 08:11:08+01:00,2026-03-10,2,4,2,2,4,2,2-4-2-2-4-2,3,3,29,29
100,2026-03-10 08:11:09+01:00,2026-03-10 08:11:11+01:00,2026-03-10,2,3,2,2,3,2,2-3-2-2-3-2,4,3,3,3
101,2026-03-10 08:11:12+01:00,2026-03-10 08:11:14+01:00,2026-03-10,2,2,2,2,2,2,2-2-2-2-2-2,4,3,3,3
102,2026-03-10 08:11:15+01:00,2026-03-10 08:11:15+01:00,2026-03-10,2,2,5,5,2,2,2-2-5-5-2-2,4,3,1,1
103,2026-03-10 08:11:16+01:00,2026-03-10 08:11:22+01:00,2026-03-10,2,2,4,4,2,2,2-2-4-4-2-2,6,3,7,7
104,2026-03-10 08:11:23+01:00,2026-03-10 08:11:25+01:00,2026-03-10,2,2,4,3,2,2,2-2-4-3-2-2,6,3,3,3
105,2026-03-10 08:11:26+01:00,2026-03-10 08:11:28+01:00,2026-03-10,2,2,4,2,2,2,2-2-4-2-2-2,6,3,3,3
106,2026-03-10 08:11:29+01:00,2026-03-10 08:11:29+01:00,2026-03-10,5,2,4,2,2,2,5-2-4-2-2-2,6,3,1,1
107,2026-03-10 08:11:30+01:00,2026-03-10 08:11:50+01:00,2026-03-10,4,2,4,2,2,2,4-2-4-2-2-2,1,3,21,21
108,2026-03-10 08:11:51+01:00,2026-03-10 08:11:53+01:00,2026-03-10,4,2,3,2,2,2,4-2-3-2-2-2,2,3,3,3
109,2026-03-10 08:11:54+01:00,2026-03-10 08:11:54+01:00,2026-03-10,4,2,2,2,2,5,4-2-2-2-2-5,2,3,1,1
110,2026-03-10 08:11:55+01:00,2026-03-10 08:12:08+01:00,2026-03-10,4,2,2,2,2,4,4-2-2-2-2-4,5,3,14,14
111,2026-03-10 08:12:09+01:00,2026-03-10 08:12:11+01:00,2026-03-10,3,2,2,2,2,4,3-2-2-2-2-4,5,3,3,3
112,2026-03-10 08:12:12+01:00,2026-03-10 08:12:14+01:00,2026-03-10,2,2,2,2,2,3,2-2-2-2-2-3,5,3,3,3
113,2026-03-10 08:12:15+01:00,2026-03-10 08:12:15+01:00,2026-03-10,2,5,2,2,5,2,2-5-2-2-5-2,5,3,1,1
114,2026-03-10 08:12:16+01:00,2026-03-10 08:12:36+01:00,2026-03-10,2,4,2,2,4,2,2-4-2-2-4-2,5,3,21,21
115,2026-03-10 08:12:37+01:00,2026-03-10 08:12:39+01:00,2026-03-10,2,3,2,2,3,2,2-3-2-2-3-2,4,3,3,3
116,2026-03-10 08:12:40+01:00,2026-03-10 08:12:42+01:00,2026-03-10,2,2,2,2,2,2,2-2-2-2-2-2,4,3,3,3
117,2026-03-10 08:12:43+01:00,2026-03-10 08:12:43+01:00,2026-03-10,2,2,5,5,2,2,2-2-5-5-2-2,4,3,1,1
118,2026-03-10 08:12:44+01:00,2026-03-10 08:12:52+01:00,2026-03-10,2,2,4,4,2,2,2-2-4-4-2-2,6,3,9,9
119,2026-03-10 08:12:53+01:00,2026-03-10 08:12:55+01:00,2026-03-10,2,2,4,3,2,2,2-2-4-3-2-2,6,3,3,3
120,2026-03-10 08:12:56+01:00,2026-03-10 08:12:58+01:00,2026-03-10,2,2,4,2,2,2,2-2-4-2-2-2,6,3,3,3
121,2026-03-10 08:12:59+01:00,2026-03-10 08:12:59+01:00,2026-03-10,5,2,4,2,2,2,5-2-4-2-2-2,6,3,1,1
122,2026-03-10 08:13:00+01:00,2026-03-10 08:13:32+01:00,2026-03-10,4,2,4,2,2,2,4-2-4-2-2-2,1,3,33,33
123,2026-03-10 08:13:33+01:00,2026-03-10 08:13:35+01:00,2026-03-10,3,2,3,2,2,2,3-2-3-2-2-2,2,3,3,3
124,2026-03-10 08:13:36+01:00,2026-03-10 08:13:38+01:00,2026-03-10,2,2,2,2,2,2,2-2-2-2-2-2,2,3,3,3
125,2026-03-10 08:13:39+01:00,2026-03-10 08:13:39+01:00,2026-03-10,2,5,2,2,5,2,2-5-2-2-5-2,2,3,1,1
126,2026-03-10 08:13:40+01:00,2026-03-10 08:14:01+01:00,2026-03-10,2,4,2,2,4,2,2-4-2-2-4-2,3,3,22,22
127,2026-03-10 08:14:02+01:00,2026-03-10 08:14:04+01:00,2026-03-10,2,3,2,2,3,2,2-3-2-2-3-2,4,3,3,3
128,2026-03-10 08:14:05+01:00,2026-03-10 08:14:07+01:00,2026-03-10,2,2,2,2,2,2,2-2-2-2-2-2,4,3,3,3
129,2026-03-10 08:14:08+01:00,2026-03-10 08:14:08+01:00,2026-03-10,2,2,5,5,2,2,2-2-5-5-2-2,4,3,1,1
130,2026-03-10 08:14:09+01:00,2026-03-10 08:14:21+01:00,2026-03-10,2,2,4,4,2,2,2-2-4-4-2-2,6,3,13,13
131,2026-03-10 08:14:22+01:00,2026-03-10 08:14:24+01:00,2026-03-10,2,2,4,3,2,2,2-2-4-3-2-2,6,3,3,3
132,2026-03-10 08:14:25+01:00,2026-03-10 08:14:27+01:00,2026-03-10,2,2,4,2,2,2,2-2-4-2-2-2,6,3,3,3
133,2026-03-10 08:14:28+01:00,2026-03-10 08:14:28+01:00,2026-03-10,5,2,4,2,2,2,5-2-4-2-2-2,6,3,1,1
134,2026-03-10 08:14:29+01:00,2026-03-10 08:14:50+01:00,2026-03-10,4,2,4,2,2,2,4-2-4-2-2-2,1,3,22,22
135,2026-03-10 08:14:51+01:00,2026-03-10 08:14:53+01:00,2026-03-10,4,2,3,2,2,2,4-2-3-2-2-2,2,3,3,3
136,2026-03-10 08:14:54+01:00,2026-03-10 08:14:54+01:00,2026-03-10,4,2,2,2,2,5,4-2-2-2-2-5,2,3,1,1
137,2026-03-10 08:14:55+01:00,2026-03-10 08:15:08+01:00,2026-03-10,4,2,2,2,2,4,4-2-2-2-2-4,5,3,14,14
138,2026-03-10 08:15:09+01:00,2026-03-10 08:15:11+01:00,2026-03-10,3,2,2,2,2,4,3-2-2-2-2-4,5,3,3,3
139,2026-03-10 08:15:12+01:00,2026-03-10 08:15:14+01:00,2026-03-10,2,2,2,2,2,3,2-2-2-2-2-3,5,3,3,3
140,2026-03-10 08:15:15+01:00,2026-03-10 08:15:15+01:00,2026-03-10,2,5,2,2,5,2,2-5-2-2-5-2,5,3,1,1
141,2026-03-10 08:15:16+01:00,2026-03-10 08:15:36+01:00,2026-03-10,2,4,2,2,4,2,2-4-2-2-4-2,5,3,21,21
142,2026-03-10 08:15:37+01:00,2026-03-10 08:15:37+01:00,2026-03-10,2,3,2,2,4,2,2-3-2-2-4-2,4,3,1,1
143,2026-03-10 08:15:38+01:00,2026-03-10 08:15:39+01:00,2026-03-10,2,3,2,2,3,2,2-3-2-2-3-2,4,3,2,2
144,2026-03-10 08:15:40+01:00,2026-03-10 08:15:40+01:00,2026-03-10,2,2,2,2,3,2,2-2-2-2-3-2,4,3,1,1
145,2026-03-10 08:15:41+01:00,2026-03-10 08:15:43+01:00,2026-03-10,2,2,2,2,2,2,2-2-2-2-2-2,4,3,3,3
146,2026-03-10 08:15:44+01:00,2026-03-10 08:15:44+01:00,2026-03-10,5,2,2,2,2,2,5-2-2-2-2-2,4,3,1,1
147,2026-03-10 08:15:45+01:00,2026-03-10 08:15:45+01:00,2026-03-10,4,2,5,2,2,2,4-2-5-2-2-2,4,3,1,1
148,2026-03-10 08:15:46+01:00,2026-03-10 08:16:20+01:00,2026-03-10,4,2,4,2,2,2,4-2-4-2-2-2,1,3,35,35
149,2026-03-10 08:16:21+01:00,2026-03-10 08:16:23+01:00,2026-03-10,4,2,3,2,2,2,4-2-3-2-2-2,2,3,3,3
150,2026-03-10 08:16:24+01:00,2026-03-10 08:16:24+01:00,2026-03-10,4,2,2,2,2,5,4-2-2-2-2-5,2,3,1,1
151,2026-03-10 08:16:25+01:00,2026-03-10 08:16:33+01:00,2026-03-10,4,2,2,2,2,4,4-2-2-2-2-4,5,3,9,9
152,2026-03-10 08:16:34+01:00,2026-03-10 08:16:36+01:00,2026-03-10,3,2,2,2,2,4,3-2-2-2-2-4,5,3,3,3
153,2026-03-10 08:16:37+01:00,2026-03-10 08:16:39+01:00,2026-03-10,2,2,2,2,2,3,2-2-2-2-2-3,5,3,3,3
154,2026-03-10 08:16:40+01:00,2026-03-10 08:16:40+01:00,2026-03-10,2,5,2,2,5,2,2-5-2-2-5-2,5,3,1,1
155,2026-03-10 08:16:41+01:00,2026-03-10 08:17:00+01:00,2026-03-10,2,4,2,2,4,2,2-4-2-2-4-2,5,3,20,20
156,2026-03-10 08:17:01+01:00,2026-03-10 08:17:03+01:00,2026-03-10,2,3,2,2,3,2,2-3-2-2-3-2,4,3,3,3
157,2026-03-10 08:17:04+01:00,2026-03-10 08:17:06+01:00,2026-03-10,2,2,2,2,2,2,2-2-2-2-2-2,4,3,3,3
158,2026-03-10 08:17:07+01:00,2026-03-10 08:17:07+01:00,2026-03-10,2,2,5,5,2,2,2-2-5-5-2-2,4,3,1,1
159,2026-03-10 08:17:08+01:00,2026-03-10 08:17:15+01:00,2026-03-10,2,2,4,4,2,2,2-2-4-4-2-2,6,3,8,8
160,2026-03-10 08:17:16+01:00,2026-03-10 08:17:18+01:00,2026-03-10,2,2,4,3,2,2,2-2-4-3-2-2,6,3,3,3
161,2026-03-10 08:17:19+01:00,2026-03-10 08:17:21+01:00,2026-03-10,2,2,4,2,2,2,2-2-4-2-2-2,6,3,3,3
162,2026-03-10 08:17:22+01:00,2026-03-10 08:17:22+01:00,2026-03-10,5,2,4,2,2,2,5-2-4-2-2-2,6,3,1,1
163,2026-03-10 08:17:23+01:00,2026-03-10 08:18:02+01:00,2026-03-10,4,2,4,2,2,2,4-2-4-2-2-2,1,3,40,40
164,2026-03-10 08:18:03+01:00,2026-03-10 08:18:05+01:00,2026-03-10,3,2,3,2,2,2,3-2-3-2-2-2,2,3,3,3
165,2026-03-10 08:18:06+01:00,2026-03-10 08:18:08+01:00,2026-03-10,2,2,2,2,2,2,2-2-2-2-2-2,2,3,3,3
166,2026-03-10 08:18:09+01:00,2026-03-10 08:18:09+01:00,2026-03-10,2,5,2,2,5,2,2-5-2-2-5-2,2,3,1,1
167,2026-03-10 08:18:10+01:00,2026-03-10 08:18:31+01:00,2026-03-10,2,4,2,2,4,2,2-4-2-2-4-2,3,3,22,22
168,2026-03-10 08:18:32+01:00,2026-03-10 08:18:34+01:00,2026-03-10,2,3,2,2,3,2,2-3-2-2-3-2,4,3,3,3
169,2026-03-10 08:18:35+01:00,2026-03-10 08:18:37+01:00,2026-03-10,2,2,2,2,2,2,2-2-2-2-2-2,4,3,3,3
170,2026-03-10 08:18:38+01:00,2026-03-10 08:18:38+01:00,2026-03-10,2,2,5,5,2,2,2-2-5-5-2-2,4,3,1,1
171,2026-03-10 08:18:39+01:00,2026-03-10 08:18:45+01:00,2026-03-10,2,2,4,4,2,2,2-2-4-4-2-2,6,3,7,7
172,2026-03-10 08:18:46+01:00,2026-03-10 08:18:48+01:00,2026-03-10,2,2,4,3,2,2,2-2-4-3-2-2,6,3,3,3
173,2026-03-10 08:18:49+01:00,2026-03-10 08:18:51+01:00,2026-03-10,2,2,4,2,2,2,2-2-4-2-2-2,6,3,3,3
174,2026-03-10 08:18:52+01:00,2026-03-10 08:18:52+01:00,2026-03-10,5,2,4,2,2,2,5-2-4-2-2-2,6,3,1,1
175,2026-03-10 08:18:53+01:00,2026-03-10 08:19:20+01:00,2026-03-10,4,2,4,2,2,2,4-2-4-2-2-2,1,3,28,28
176,2026-03-10 08:19:21+01:00,2026-03-10 08:19:23+01:00,2026-03-10,4,2,3,2,2,2,4-2-3-2-2-2,2,3,3,3
177,2026-03-10 08:19:24+01:00,2026-03-10 08:19:24+01:00,2026-03-10,4,2,2,2,2,5,4-2-2-2-2-5,2,3,1,1
178,2026-03-10 08:19:25+01:00,2026-03-10 08:19:31+01:00,2026-03-10,4,2,2,2,2,4,4-2-2-2-2-4,5,3,7,7
179,2026-03-10 08:19:32+01:00,2026-03-10 08:19:34+01:00,2026-03-10,3,2,2,2,2,4,3-2-2-2-2-4,5,3,3,3
180,2026-03-10 08:19:35+01:00,2026-03-10 08:19:37+01:00,2026-03-10,2,2,2,2,2,3,2-2-2-2-2-3,5,3,3,3
181,2026-03-10 08:19:38+01:00,2026-03-10 08:19:38+01:00,2026-03-10,2,5,2,2,5,2,2-5-2-2-5-2,5,3,1,1
182,2026-03-10 08:19:39+01:00,2026-03-10 08:19:59+01:00,2026-03-10,2,4,2,2,4,2,2-4-2-2-4-2,5,3,21,21
183,2026-03-10 08:20:00+01:00,2026-03-10 08:20:02+01:00,2026-03-10,2,3,2,2,3,2,2-3-2-2-3-2,4,3,3,3
184,2026-03-10 08:20:03+01:00,2026-03-10 08:20:05+01:00,2026-03-10,2,2,2,2,2,2,2-2-2-2-2-2,4,3,3,3
185,2026-03-10 08:20:06+01:00,2026-03-10 08:20:06+01:00,2026-03-10,2,2,5,5,2,2,2-2-5-5-2-2,4,3,1,1
186,2026-03-10 08:20:07+01:00,2026-03-10 08:20:14+01:00,2026-03-10,2,2,4,4,2,2,2-2-4-4-2-2,6,3,8,8
187,2026-03-10 08:20:15+01:00,2026-03-10 08:20:17+01:00,2026-03-10,2,2,4,3,2,2,2-2-4-3-2-2,6,3,3,3
188,2026-03-10 08:20:18+01:00,2026-03-10 08:20:20+01:00,2026-03-10,2,2,4,2,2,2,2-2-4-2-2-2,6,3,3,3
189,2026-03-10 08:20:21+01:00,2026-03-10 08:20:21+01:00,2026-03-10,5,2,4,2,2,2,5-2-4-2-2-2,6,3,1,1
190,2026-03-10 08:20:22+01:00,2026-03-10 08:20:50+01:00,2026-03-10,4,2,4,2,2,2,4-2-4-2-2-2,1,3,29,29
191,2026-03-10 08:20:51+01:00,2026-03-10 08:20:53+01:00,2026-03-10,4,2,3,2,2,2,4-2-3-2-2-2,2,3,3,3
192,2026-03-10 08:20:54+01:00,2026-03-10 08:20:54+01:00,2026-03-10,4,2,2,2,2,5,4-2-2-2-2-5,2,3,1,1
193,2026-03-10 08:20:55+01:00,2026-03-10 08:21:03+01:00,2026-03-10,4,2,2,2,2,4,4-2-2-2-2-4,5,3,9,9
194,2026-03-10 08:21:04+01:00,2026-03-10 08:21:06+01:00,2026-03-10,3,2,2,2,2,4,3-2-2-2-2-4,5,3,3,3
195,2026-03-10 08:21:07+01:00,2026-03-10 08:21:09+01:00,2026-03-10,2,2,2,2,2,3,2-2-2-2-2-3,5,3,3,3
196,2026-03-10 08:21:10+01:00,2026-03-10 08:21:10+01:00,2026-03-10,2,5,2,2,5,2,2-5-2-2-5-2,5,3,1,1
197,2026-03-10 08:21:11+01:00,2026-03-10 08:21:37+01:00,2026-03-10,2,4,2,2,4,2,2-4-2-2-4-2,5,3,27,27
198,2026-03-10 08:21:38+01:00,2026-03-10 08:21:40+01:00,2026-03-10,2,3,2,2,3,2,2-3-2-2-3-2,4,3,3,3
199,2026-03-10 08:21:41+01:00,2026-03-10 08:21:43+01:00,2026-03-10,2,2,2,2,2,2,2-2-2-2-2-2,4,3,3,3
200,2026-03-10 08:21:44+01:00,2026-03-10 08:21:44+01:00,2026-03-10,2,2,5,5,2,2,2-2-5-5-2-2,4,3,1,1
201,2026-03-10 08:21:45+01:00,2026-03-10 08:21:52+01:00,2026-03-10,2,2,4,4,2,2,2-2-4-4-2-2,6,3,8,8
202,2026-03-10 08:21:53+01:00,2026-03-10 08:21:55+01:00,2026-03-10,2,2,4,3,2,2,2-2-4-3-2-2,6,3,3,3
203,2026-03-10 08:21:56+01:00,2026-03-10 08:21:58+01:00,2026-03-10,2,2,4,2,2,2,2-2-4-2-2-2,6,3,3,3
204,2026-03-10 08:21:59+01:00,2026-03-10 08:21:59+01:00,2026-03-10,5,2,4,2,2,2,5-2-4-2-2-2,6,3,1,1
205,2026-03-10 08:22:00+01:00,2026-03-10 08:22:32+01:00,2026-03-10,4,2,4,2,2,2,4-2-4-2-2-2,1,3,33,33
206,2026-03-10 08:22:33+01:00,2026-03-10 08:22:35+01:00,2026-03-10,3,2,3,2,2,2,3-2-3-2-2-2,2,3,3,3
207,2026-03-10 08:22:36+01:00,2026-03-10 08:22:38+01:00,2026-03-10,2,2,2,2,2,2,2-2-2-2-2-2,2,3,3,3
208,2026-03-10 08:22:39+01:00,2026-03-10 08:22:39+01:00,2026-03-10,2,5,2,2,5,2,2-5-2-2-5-2,2,3,1,1
209,2026-03-10 08:22:40+01:00,2026-03-10 08:23:05+01:00,2026-03-10,2,4,2,2,4,2,2-4-2-2-4-2,3,3,26,26
210,2026-03-10 08:23:06+01:00,2026-03-10 08:23:08+01:00,2026-03-10,2,3,2,2,3,2,2-3-2-2-3-2,4,3,3,3
211,2026-03-10 08:23:09+01:00,2026-03-10 08:23:11+01:00,2026-03-10,2,2,2,2,2,2,2-2-2-2-2-2,4,3,3,3
212,2026-03-10 08:23:12+01:00,2026-03-10 08:23:12+01:00,2026-03-10,2,2,5,5,2,2,2-2-5-5-2-2,4,3,1,1
213,2026-03-10 08:23:13+01:00,2026-03-10 08:23:20+01:00,2026-03-10,2,2,4,4,2,2,2-2-4-4-2-2,6,3,8,8
214,2026-03-10 08:23:21+01:00,2026-03-10 08:23:23+01:00,2026-03-10,2,2,4,3,2,2,2-2-4-3-2-2,6,3,3,3
215,2026-03-10 08:23:24+01:00,2026-03-10 08:23:26+01:00,2026-03-10,2,2,4,2,2,2,2-2-4-2-2-2,6,3,3,3
216,2026-03-10 08:23:27+01:00,2026-03-10 08:23:27+01:00,2026-03-10,5,2,4,2,2,2,5-2-4-2-2-2,6,3,1,1
217,2026-03-10 08:23:28+01:00,2026-03-10 08:23:50+01:00,2026-03-10,4,2,4,2,2,2,4-2-4-2-2-2,1,3,23,23
218,2026-03-10 08:23:51+01:00,2026-03-10 08:23:53+01:00,2026-03-10,4,2,3,2,2,2,4-2-3-2-2-2,2,3,3,3
219,2026-03-10 08:23:54+01:00,2026-03-10 08:23:54+01:00,2026-03-10,4,2,2,2,2,5,4-2-2-2-2-5,2,3,1,1
220,2026-03-10 08:23:55+01:00,2026-03-10 08:24:08+01:00,2026-03-10,4,2,2,2,2,4,4-2-2-2-2-4,5,3,14,14
221,2026-03-10 08:24:09+01:00,2026-03-10 08:24:11+01:00,2026-03-10,3,2,2,2,2,4,3-2-2-2-2-4,5,3,3,3
222,2026-03-10 08:24:12+01:00,2026-03-10 08:24:14+01:00,2026-03-10,2,2,2,2,2,3,2-2-2-2-2-3,5,3,3,3
223,2026-03-10 08:24:15+01:00,2026-03-10 08:24:15+01:00,2026-03-10,2,5,2,2,5,2,2-5-2-2-5-2,5,3,1,1
224,2026-03-10 08:24:16+01:00,2026-03-10 08:24:32+01:00,2026-03-10,2,4,2,2,4,2,2-4-2-2-4-2,5,3,17,17
225,2026-03-10 08:24:33+01:00,2026-03-10 08:24:35+01:00,2026-03-10,2,3,2,2,3,2,2-3-2-2-3-2,4,3,3,3
226,2026-03-10 08:24:36+01:00,2026-03-10 08:24:38+01:00,2026-03-10,2,2,2,2,2,2,2-2-2-2-2-2,4,3,3,3
227,2026-03-10 08:24:39+01:00,2026-03-10 08:24:39+01:00,2026-03-10,2,2,5,5,2,2,2-2-5-5-2-2,4,3,1,1
228,2026-03-10 08:24:40+01:00,2026-03-10 08:24:44+01:00,2026-03-10,2,2,4,4,2,2,2-2-4-4-2-2,6,3,5,5
229,2026-03-10 08:24:45+01:00,2026-03-10 08:24:47+01:00,2026-03-10,2,2,4,3,2,2,2-2-4-3-2-2,6,3,3,3
230,2026-03-10 08:24:48+01:00,2026-03-10 08:24:50+01:00,2026-03-10,2,2,4,2,2,2,2-2-4-2-2-2,6,3,3,3
231,2026-03-10 08:24:51+01:00,2026-03-10 08:24:51+01:00,2026-03-10,5,2,4,2,2,2,5-2-4-2-2-2,6,3,1,1
232,2026-03-10 08:24:52+01:00,2026-03-10 08:25:32+01:00,2026-03-10,4,2,4,2,2,2,4-2-4-2-2-2,1,3,41,41
233,2026-03-10 08:25:33+01:00,2026-03-10 08:25:35+01:00,2026-03-10,3,2,3,2,2,2,3-2-3-2-2-2,2,3,3,3
234,2026-03-10 08:25:36+01:00,2026-03-10 08:25:38+01:00,2026-03-10,2,2,2,2,2,2,2-2-2-2-2-2,2,3,3,3
235,2026-03-10 08:25:39+01:00,2026-03-10 08:25:39+01:00,2026-03-10,2,5,2,2,5,2,2-5-2-2-5-2,2,3,1,1
236,2026-03-10 08:25:40+01:00,2026-03-10 08:26:02+01:00,2026-03-10,2,4,2,2,4,2,2-4-2-2-4-2,3,3,23,23
237,2026-03-10 08:26:03+01:00,2026-03-10 08:26:05+01:00,2026-03-10,2,3,2,2,3,2,2-3-2-2-3-2,4,3,3,3
238,2026-03-10 08:26:06+01:00,2026-03-10 08:26:08+01:00,2026-03-10,2,2,2,2,2,2,2-2-2-2-2-2,4,3,3,3
239,2026-03-10 08:26:09+01:00,2026-03-10 08:26:09+01:00,2026-03-10,2,2,5,5,2,2,2-2-5-5-2-2,4,3,1,1
240,2026-03-10 08:26:10+01:00,2026-03-10 08:26:21+01:00,2026-03-10,2,2,4,4,2,2,2-2-4-4-2-2,6,3,12,12
241,2026-03-10 08:26:22+01:00,2026-03-10 08:26:24+01:00,2026-03-10,2,2,4,3,2,2,2-2-4-3-2-2,6,3,3,3
242,2026-03-10 08:26:25+01:00,2026-03-10 08:26:27+01:00,2026-03-10,2,2,4,2,2,2,2-2-4-2-2-2,6,3,3,3
243,2026-03-10 08:26:28+01:00,2026-03-10 08:26:28+01:00,2026-03-10,5,2,4,2,2,2,5-2-4-2-2-2,6,3,1,1
244,2026-03-10 08:26:29+01:00,2026-03-10 08:27:02+01:00,2026-03-10,4,2,4,2,2,2,4-2-4-2-2-2,1,3,34,34
245,2026-03-10 08:27:03+01:00,2026-03-10 08:27:05+01:00,2026-03-10,3,2,3,2,2,2,3-2-3-2-2-2,2,3,3,3
246,2026-03-10 08:27:06+01:00,2026-03-10 08:27:08+01:00,2026-03-10,2,2,2,2,2,2,2-2-2-2-2-2,2,3,3,3
247,2026-03-10 08:27:09+01:00,2026-03-10 08:27:09+01:00,2026-03-10,2,5,2,2,5,2,2-5-2-2-5-2,2,3,1,1
248,2026-03-10 08:27:10+01:00,2026-03-10 08:27:29+01:00,2026-03-10,2,4,2,2,4,2,2-4-2-2-4-2,3,3,20,20
249,2026-03-10 08:27:30+01:00,2026-03-10 08:27:32+01:00,2026-03-10,2,3,2,2,3,2,2-3-2-2-3-2,4,3,3,3
250,2026-03-10 08:27:33+01:00,2026-03-10 08:27:35+01:00,2026-03-10,2,2,2,2,2,2,2-2-2-2-2-2,4,3,3,3
251,2026-03-10 08:27:36+01:00,2026-03-10 08:27:36+01:00,2026-03-10,2,2,5,5,2,2,2-2-5-5-2-2,4,3,1,1
252,2026-03-10 08:27:37+01:00,2026-03-10 08:27:51+01:00,2026-03-10,2,2,4,4,2,2,2-2-4-4-2-2,6,3,15,15
253,2026-03-10 08:27:52+01:00,2026-03-10 08:27:54+01:00,2026-03-10,2,2,4,3,2,2,2-2-4-3-2-2,6,3,3,3
254,2026-03-10 08:27:55+01:00,2026-03-10 08:27:57+01:00,2026-03-10,2,2,4,2,2,2,2-2-4-2-2-2,6,3,3,3
255,2026-03-10 08:27:58+01:00,2026-03-10 08:27:58+01:00,2026-03-10,5,2,4,2,2,2,5-2-4-2-2-2,6,3,1,1
256,2026-03-10 08:27:59+01:00,2026-03-10 08:28:20+01:00,2026-03-10,4,2,4,2,2,2,4-2-4-2-2-2,1,3,22,22
257,2026-03-10 08:28:21+01:00,2026-03-10 08:28:23+01:00,2026-03-10,4,2,3,2,2,2,4-2-3-2-2-2,2,3,3,3
258,2026-03-10 08:28:24+01:00,2026-03-10 08:28:24+01:00,2026-03-10,4,2,2,2,2,5,4-2-2-2-2-5,2,3,1,1
259,2026-03-10 08:28:25+01:00,2026-03-10 08:28:29+01:00,2026-03-10,4,2,2,2,2,4,4-2-2-2-2-4,5,3,5,5
260,2026-03-10 08:28:30+01:00,2026-03-10 08:28:32+01:00,2026-03-10,3,2,2,2,2,4,3-2-2-2-2-4,5,3,3,3
261,2026-03-10 08:28:33+01:00,2026-03-10 08:28:35+01:00,2026-03-10,2,2,2,2,2,3,2-2-2-2-2-3,5,3,3,3
262,2026-03-10 08:28:36+01:00,2026-03-10 08:28:36+01:00,2026-03-10,2,5,2,2,5,2,2-5-2-2-5-2,5,3,1,1
263,2026-03-10 08:28:37+01:00,2026-03-10 08:29:03+01:00,2026-03-10,2,4,2,2,4,2,2-4-2-2-4-2,5,3,27,27
264,2026-03-10 08:29:04+01:00,2026-03-10 08:29:04+01:00,2026-03-10,2,3,2,2,4,2,2-3-2-2-4-2,4,3,1,1
265,2026-03-10 08:29:05+01:00,2026-03-10 08:29:06+01:00,2026-03-10,2,3,2,2,3,2,2-3-2-2-3-2,4,3,2,2
266,2026-03-10 08:29:07+01:00,2026-03-10 08:29:07+01:00,2026-03-10,2,2,2,2,3,2,2-2-2-2-3-2,4,3,1,1
267,2026-03-10 08:29:08+01:00,2026-03-10 08:29:10+01:00,2026-03-10,2,2,2,2,2,2,2-2-2-2-2-2,4,3,3,3
268,2026-03-10 08:29:11+01:00,2026-03-10 08:29:11+01:00,2026-03-10,5,2,2,2,2,2,5-2-2-2-2-2,4,3,1,1
269,2026-03-10 08:29:12+01:00,2026-03-10 08:29:12+01:00,2026-03-10,4,2,5,2,2,2,4-2-5-2-2-2,4,3,1,1
270,2026-03-10 08:29:13+01:00,2026-03-10 08:29:50+01:00,2026-03-10,4,2,4,2,2,2,4-2-4-2-2-2,1,3,38,38
271,2026-03-10 08:29:51+01:00,2026-03-10 08:29:53+01:00,2026-03-10,4,2,3,2,2,2,4-2-3-2-2-2,2,3,3,3
272,2026-03-10 08:29:54+01:00,2026-03-10 08:29:54+01:00,2026-03-10,4,2,2,2,2,5,4-2-2-2-2-5,2,3,1,1
273,2026-03-10 08:29:55+01:00,2026-03-10 08:30:01+01:00,2026-03-10,4,2,2,2,2,4,4-2-2-2-2-4,5,3,7,7
274,2026-03-10 08:30:02+01:00,2026-03-10 08:30:04+01:00,2026-03-10,3,2,2,2,2,4,3-2-2-2-2-4,5,3,3,3
275,2026-03-10 08:30:05+01:00,2026-03-10 08:30:07+01:00,2026-03-10,2,2,2,2,2,3,2-2-2-2-2-3,5,3,3,3
276,2026-03-10 08:30:08+01:00,2026-03-10 08:30:08+01:00,2026-03-10,2,5,2,2,5,2,2-5-2-2-5-2,5,3,1,1
277,2026-03-10 08:30:09+01:00,2026-03-10 08:30:29+01:00,2026-03-10,2,4,2,2,4,2,2-4-2-2-4-2,5,3,21,21
278,2026-03-10 08:30:30+01:00,2026-03-10 08:30:32+01:00,2026-03-10,2,3,2,2,3,2,2-3-2-2-3-2,4,3,3,3
279,2026-03-10 08:30:33+01:00,2026-03-10 08:30:35+01:00,2026-03-10,2,2,2,2,2,2,2-2-2-2-2-2,4,3,3,3
280,2026-03-10 08:30:36+01:00,2026-03-10 08:30:36+01:00,2026-03-10,2,2,5,5,2,2,2-2-5-5-2-2,4,3,1,1
281,2026-03-10 08:30:37+01:00,2026-03-10 08:30:50+01:00,2026-03-10,2,2,4,4,2,2,2-2-4-4-2-2,6,3,14,14
282,2026-03-10 08:30:51+01:00,2026-03-10 08:30:53+01:00,2026-03-10,2,2,4,3,2,2,2-2-4-3-2-2,6,3,3,3
283,2026-03-10 08:30:54+01:00,2026-03-10 08:30:56+01:00,2026-03-10,2,2,4,2,2,2,2-2-4-2-2-2,6,3,3,3
284,2026-03-10 08:30:57+01:00,2026-03-10 08:30:57+01:00,2026-03-10,5,2,4,2,2,2,5-2-4-2-2-2,6,3,1,1
285,2026-03-10 08:30:58+01:00,2026-03-10 08:31:20+01:00,2026-03-10,4,2,4,2,2,2,4-2-4-2-2-2,1,3,23,23
286,2026-03-10 08:31:21+01:00,2026-03-10 08:31:23+01:00,2026-03-10,4,2,3,2,2,2,4-2-3-2-2-2,2,3,3,3
287,2026-03-10 08:31:24+01:00,2026-03-10 08:31:24+01:00,2026-03-10,4,2,2,2,2,5,4-2-2-2-2-5,2,3,1,1
288,2026-03-10 08:31:25+01:00,2026-03-10 08:31:36+01:00,2026-03-10,4,2,2,2,2,4,4-2-2-2-2-4,5,3,12,12
289,2026-03-10 08:31:37+01:00,2026-03-10 08:31:39+01:00,2026-03-10,3,2,2,2,2,4,3-2-2-2-2-4,5,3,3,3
290,2026-03-10 08:31:40+01:00,2026-03-10 08:31:42+01:00,2026-03-10,2,2,2,2,2,3,2-2-2-2-2-3,5,3,3,3
291,2026-03-10 08:31:43+01:00,2026-03-10 08:31:43+01:00,2026-03-10,2,5,2,2,5,2,2-5-2-2-5-2,5,3,1,1
292,2026-03-10 08:31:44+01:00,2026-03-10 08:32:02+01:00,2026-03-10,2,4,2,2,4,2,2-4-2-2-4-2,5,3,19,19
293,2026-03-10 08:32:03+01:00,2026-03-10 08:32:05+01:00,2026-03-10,2,3,2,2,3,2,2-3-2-2-3-2,4,3,3,3
294,2026-03-10 08:32:06+01:00,2026-03-10 08:32:08+01:00,2026-03-10,2,2,2,2,2,2,2-2-2-2-2-2,4,3,3,3
295,2026-03-10 08:32:09+01:00,2026-03-10 08:32:09+01:00,2026-03-10,2,2,5,5,2,2,2-2-5-5-2-2,4,3,1,1
296,2026-03-10 08:32:10+01:00,2026-03-10 08:32:19+01:00,2026-03-10,2,2,4,4,2,2,2-2-4-4-2-2,6,3,10,10
297,2026-03-10 08:32:20+01:00,2026-03-10 08:32:22+01:00,2026-03-10,2,2,4,3,2,2,2-2-4-3-2-2,6,3,3,3
298,2026-03-10 08:32:23+01:00,2026-03-10 08:32:25+01:00,2026-03-10,2,2,4,2,2,2,2-2-4-2-2-2,6,3,3,3
299,2026-03-10 08:32:26+01:00,2026-03-10 08:32:26+01:00,2026-03-10,5,2,4,2,2,2,5-2-4-2-2-2,6,3,1,1
300,2026-03-10 08:32:27+01:00,2026-03-10 08:32:50+01:00,2026-03-10,4,2,4,2,2,2,4-2-4-2-2-2,1,3,24,24
301,2026-03-10 08:32:51+01:00,2026-03-10 08:32:53+01:00,2026-03-10,4,2,3,2,2,2,4-2-3-2-2-2,2,3,3,3
302,2026-03-10 08:32:54+01:00,2026-03-10 08:32:54+01:00,2026-03-10,4,2,2,2,2,5,4-2-2-2-2-5,2,3,1,1
303,2026-03-10 08:32:55+01:00,2026-03-10 08:33:05+01:00,2026-03-10,4,2,2,2,2,4,4-2-2-2-2-4,5,3,11,11
304,2026-03-10 08:33:06+01:00,2026-03-10 08:33:08+01:00,2026-03-10,3,2,2,2,2,4,3-2-2-2-2-4,5,3,3,3
305,2026-03-10 08:33:09+01:00,2026-03-10 08:33:11+01:00,2026-03-10,2,2,2,2,2,3,2-2-2-2-2-3,5,3,3,3
306,2026-03-10 08:33:12+01:00,2026-03-10 08:33:12+01:00,2026-03-10,2,5,2,2,5,2,2-5-2-2-5-2,5,3,1,1
307,2026-03-10 08:33:13+01:00,2026-03-10 08:33:34+01:00,2026-03-10,2,4,2,2,4,2,2-4-2-2-4-2,5,3,22,22
308,2026-03-10 08:33:35+01:00,2026-03-10 08:33:37+01:00,2026-03-10,2,3,2,2,3,2,2-3-2-2-3-2,4,3,3,3
309,2026-03-10 08:33:38+01:00,2026-03-10 08:33:40+01:00,2026-03-10,2,2,2,2,2,2,2-2-2-2-2-2,4,3,3,3
310,2026-03-10 08:33:41+01:00,2026-03-10 08:33:41+01:00,2026-03-10,2,2,5,5,2,2,2-2-5-5-2-2,4,3,1,1
311,2026-03-10 08:33:42+01:00,2026-03-10 08:33:46+01:00,2026-03-10,2,2,4,4,2,2,2-2-4-4-2-2,6,3,5,5
312,2026-03-10 08:33:47+01:00,2026-03-10 08:33:49+01:00,2026-03-10,2,2,4,3,2,2,2-2-4-3-2-2,6,3,3,3
313,2026-03-10 08:33:50+01:00,2026-03-10 08:33:52+01:00,2026-03-10,2,2,4,2,2,2,2-2-4-2-2-2,6,3,3,3
314,2026-03-10 08:33:53+01:00,2026-03-10 08:33:53+01:00,2026-03-10,5,2,4,2,2,2,5-2-4-2-2-2,6,3,1,1
315,2026-03-10 08:33:54+01:00,2026-03-10 08:34:32+01:00,2026-03-10,4,2,4,2,2,2,4-2-4-2-2-2,1,3,39,39
316,2026-03-10 08:34:33+01:00,2026-03-10 08:34:35+01:00,2026-03-10,3,2,3,2,2,2,3-2-3-2-2-2,2,3,3,3
317,2026-03-10 08:34:36+01:00,2026-03-10 08:34:38+01:00,2026-03-10,2,2,2,2,2,2,2-2-2-2-2-2,2,3,3,3
318,2026-03-10 08:34:39+01:00,2026-03-10 08:34:39+01:00,2026-03-10,2,5,2,2,5,2,2-5-2-2-5-2,2,3,1,1
319,2026-03-10 08:34:40+01:00,2026-03-10 08:34:59+01:00,2026-03-10,2,4,2,2,4,2,2-4-2-2-4-2,3,3,20,20
320,2026-03-10 08:35:00+01:00,2026-03-10 08:35:00+01:00,2026-03-10,2,3,2,2,4,2,2-3-2-2-4-2,4,3,1,1
321,2026-03-10 08:35:01+01:00,2026-03-10 08:35:02+01:00,2026-03-10,2,3,2,2,3,2,2-3-2-2-3-2,4,3,2,2
322,2026-03-10 08:35:03+01:00,2026-03-10 08:35:03+01:00,2026-03-10,2,2,2,2,3,2,2-2-2-2-3-2,4,3,1,1
323,2026-03-10 08:35:04+01:00,2026-03-10 08:35:06+01:00,2026-03-10,2,2,2,2,2,2,2-2-2-2-2-2,4,3,3,3
324,2026-03-10 08:35:07+01:00,2026-03-10 08:35:07+01:00,2026-03-10,5,2,2,2,2,2,5-2-2-2-2-2,4,3,1,1
325,2026-03-10 08:35:08+01:00,2026-03-10 08:35:08+01:00,2026-03-10,4,2,5,2,2,2,4-2-5-2-2-2,4,3,1,1
326,2026-03-10 08:35:09+01:00,2026-03-10 08:36:02+01:00,2026-03-10,4,2,4,2,2,2,4-2-4-2-2-2,1,3,54,54
327,2026-03-10 08:36:03+01:00,2026-03-10 08:36:05+01:00,2026-03-10,3,2,3,2,2,2,3-2-3-2-2-2,2,3,3,3
328,2026-03-10 08:36:06+01:00,2026-03-10 08:36:08+01:00,2026-03-10,2,2,2,2,2,2,2-2-2-2-2-2,2,3,3,3
329,2026-03-10 08:36:09+01:00,2026-03-10 08:36:09+01:00,2026-03-10,2,5,2,2,5,2,2-5-2-2-5-2,2,3,1,1
330,2026-03-10 08:36:10+01:00,2026-03-10 08:36:30+01:00,2026-03-10,2,4,2,2,4,2,2-4-2-2-4-2,3,3,21,21
331,2026-03-10 08:36:31+01:00,2026-03-10 08:36:33+01:00,2026-03-10,2,3,2,2,3,2,2-3-2-2-3-2,4,3,3,3
332,2026-03-10 08:36:34+01:00,2026-03-10 08:36:36+01:00,2026-03-10,2,2,2,2,2,2,2-2-2-2-2-2,4,3,3,3
333,2026-03-10 08:36:37+01:00,2026-03-10 08:36:37+01:00,2026-03-10,2,2,5,5,2,2,2-2-5-5-2-2,4,3,1,1
334,2026-03-10 08:36:38+01:00,2026-03-10 08:36:45+01:00,2026-03-10,2,2,4,4,2,2,2-2-4-4-2-2,6,3,8,8
335,2026-03-10 08:36:46+01:00,2026-03-10 08:36:48+01:00,2026-03-10,2,2,4,3,2,2,2-2-4-3-2-2,6,3,3,3
336,2026-03-10 08:36:49+01:00,2026-03-10 08:36:51+01:00,2026-03-10,2,2,4,2,2,2,2-2-4-2-2-2,6,3,3,3
337,2026-03-10 08:36:52+01:00,2026-03-10 08:36:52+01:00,2026-03-10,5,2,4,2,2,2,5-2-4-2-2-2,6,3,1,1
338,2026-03-10 08:36:53+01:00,2026-03-10 08:37:32+01:00,2026-03-10,4,2,4,2,2,2,4-2-4-2-2-2,1,3,40,40
339,2026-03-10 08:37:33+01:00,2026-03-10 08:37:35+01:00,2026-03-10,3,2,3,2,2,2,3-2-3-2-2-2,2,3,3,3
340,2026-03-10 08:37:36+01:00,2026-03-10 08:37:38+01:00,2026-03-10,2,2,2,2,2,2,2-2-2-2-2-2,2,3,3,3
341,2026-03-10 08:37:39+01:00,2026-03-10 08:37:39+01:00,2026-03-10,2,5,2,2,5,2,2-5-2-2-5-2,2,3,1,1
342,2026-03-10 08:37:40+01:00,2026-03-10 08:38:05+01:00,2026-03-10,2,4,2,2,4,2,2-4-2-2-4-2,3,3,26,26
343,2026-03-10 08:38:06+01:00,2026-03-10 08:38:08+01:00,2026-03-10,2,3,2,2,3,2,2-3-2-2-3-2,4,3,3,3
344,2026-03-10 08:38:09+01:00,2026-03-10 08:38:11+01:00,2026-03-10,2,2,2,2,2,2,2-2-2-2-2-2,4,3,3,3
345,2026-03-10 08:38:12+01:00,2026-03-10 08:38:12+01:00,2026-03-10,2,2,5,5,2,2,2-2-5-5-2-2,4,3,1,1
346,2026-03-10 08:38:13+01:00,2026-03-10 08:38:22+01:00,2026-03-10,2,2,4,4,2,2,2-2-4-4-2-2,6,3,10,10
347,2026-03-10 08:38:23+01:00,2026-03-10 08:38:25+01:00,2026-03-10,2,2,4,3,2,2,2-2-4-3-2-2,6,3,3,3
348,2026-03-10 08:38:26+01:00,2026-03-10 08:38:28+01:00,2026-03-10,2,2,4,2,2,2,2-2-4-2-2-2,6,3,3,3
349,2026-03-10 08:38:29+01:00,2026-03-10 08:38:29+01:00,2026-03-10,5,2,4,2,2,2,5-2-4-2-2-2,6,3,1,1
350,2026-03-10 08:38:30+01:00,2026-03-10 08:38:50+01:00,2026-03-10,4,2,4,2,2,2,4-2-4-2-2-2,1,3,21,21
351,2026-03-10 08:38:51+01:00,2026-03-10 08:38:53+01:00,2026-03-10,4,2,3,2,2,2,4-2-3-2-2-2,2,3,3,3
352,2026-03-10 08:38:54+01:00,2026-03-10 08:38:54+01:00,2026-03-10,4,2,2,2,2,5,4-2-2-2-2-5,2,3,1,1
353,2026-03-10 08:38:55+01:00,2026-03-10 08:39:02+01:00,2026-03-10,4,2,2,2,2,4,4-2-2-2-2-4,5,3,8,8
354,2026-03-10 08:39:03+01:00,2026-03-10 08:39:05+01:00,2026-03-10,3,2,2,2,2,4,3-2-2-2-2-4,5,3,3,3
355,2026-03-10 08:39:06+01:00,2026-03-10 08:39:08+01:00,2026-03-10,2,2,2,2,2,3,2-2-2-2-2-3,5,3,3,3
356,2026-03-10 08:39:09+01:00,2026-03-10 08:39:09+01:00,2026-03-10,2,5,2,2,5,2,2-5-2-2-5-2,5,3,1,1
357,2026-03-10 08:39:10+01:00,2026-03-10 08:39:33+01:00,2026-03-10,2,4,2,2,4,2,2-4-2-2-4-2,5,3,24,24
358,2026-03-10 08:39:34+01:00,2026-03-10 08:39:36+01:00,2026-03-10,2,3,2,2,3,2,2-3-2-2-3-2,4,3,3,3
359,2026-03-10 08:39:37+01:00,2026-03-10 08:39:39+01:00,2026-03-10,2,2,2,2,2,2,2-2-2-2-2-2,4,3,3,3
360,2026-03-10 08:39:40+01:00,2026-03-10 08:39:40+01:00,2026-03-10,2,2,5,5,2,2,2-2-5-5-2-2,4,3,1,1
361,2026-03-10 08:39:41+01:00,2026-03-10 08:39:48+01:00,2026-03-10,2,2,4,4,2,2,2-2-4-4-2-2,6,3,8,8
362,2026-03-10 08:39:49+01:00,2026-03-10 08:39:51+01:00,2026-03-10,2,2,4,3,2,2,2-2-4-3-2-2,6,3,3,3
363,2026-03-10 08:39:52+01:00,2026-03-10 08:39:54+01:00,2026-03-10,2,2,4,2,2,2,2-2-4-2-2-2,6,3,3,3
364,2026-03-10 08:39:55+01:00,2026-03-10 08:39:55+01:00,2026-03-10,5,2,4,2,2,2,5-2-4-2-2-2,6,3,1,1
365,2026-03-10 08:39:56+01:00,2026-03-10 08:40:32+01:00,2026-03-10,4,2,4,2,2,2,4-2-4-2-2-2,1,3,37,37
366,2026-03-10 08:40:33+01:00,2026-03-10 08:40:35+01:00,2026-03-10,3,2,3,2,2,2,3-2-3-2-2-2,2,3,3,3
367,2026-03-10 08:40:36+01:00,2026-03-10 08:40:38+01:00,2026-03-10,2,2,2,2,2,2,2-2-2-2-2-2,2,3,3,3
368,2026-03-10 08:40:39+01:00,2026-03-10 08:40:39+01:00,2026-03-10,2,5,2,2,5,2,2-5-2-2-5-2,2,3,1,1
369,2026-03-10 08:40:40+01:00,2026-03-10 08:40:59+01:00,2026-03-10,2,4,2,2,4,2,2-4-2-2-4-2,3,3,20,20
370,2026-03-10 08:41:00+01:00,2026-03-10 08:41:02+01:00,2026-03-10,2,3,2,2,3,2,2-3-2-2-3-2,4,3,3,3
371,2026-03-10 08:41:03+01:00,2026-03-10 08:41:05+01:00,2026-03-10,2,2,2,2,2,2,2-2-2-2-2-2,4,3,3,3
372,2026-03-10 08:41:06+01:00,2026-03-10 08:41:06+01:00,2026-03-10,2,2,5,5,2,2,2-2-5-5-2-2,4,3,1,1
373,2026-03-10 08:41:07+01:00,2026-03-10 08:41:14+01:00,2026-03-10,2,2,4,4,2,2,2-2-4-4-2-2,6,3,8,8
374,2026-03-10 08:41:15+01:00,2026-03-10 08:41:17+01:00,2026-03-10,2,2,4,3,2,2,2-2-4-3-2-2,6,3,3,3
375,2026-03-10 08:41:18+01:00,2026-03-10 08:41:20+01:00,2026-03-10,2,2,4,2,2,2,2-2-4-2-2-2,6,3,3,3
376,2026-03-10 08:41:21+01:00,2026-03-10 08:41:21+01:00,2026-03-10,5,2,4,2,2,2,5-2-4-2-2-2,6,3,1,1
377,2026-03-10 08:41:22+01:00,2026-03-10 08:41:50+01:00,2026-03-10,4,2,4,2,2,2,4-2-4-2-2-2,1,3,29,29
378,2026-03-10 08:41:51+01:00,2026-03-10 08:41:53+01:00,2026-03-10,4,2,3,2,2,2,4-2-3-2-2-2,2,3,3,3
379,2026-03-10 08:41:54+01:00,2026-03-10 08:41:54+01:00,2026-03-10,4,2,2,2,2,5,4-2-2-2-2-5,2,3,1,1
380,2026-03-10 08:41:55+01:00,2026-03-10 08:42:02+01:00,2026-03-10,4,2,2,2,2,4,4-2-2-2-2-4,5,3,8,8
381,2026-03-10 08:42:03+01:00,2026-03-10 08:42:05+01:00,2026-03-10,3,2,2,2,2,4,3-2-2-2-2-4,5,3,3,3
382,2026-03-10 08:42:06+01:00,2026-03-10 08:42:08+01:00,2026-03-10,2,2,2,2,2,3,2-2-2-2-2-3,5,3,3,3
383,2026-03-10 08:42:09+01:00,2026-03-10 08:42:09+01:00,2026-03-10,2,5,2,2,5,2,2-5-2-2-5-2,5,3,1,1
384,2026-03-10 08:42:10+01:00,2026-03-10 08:42:29+01:00,2026-03-10,2,4,2,2,4,2,2-4-2-2-4-2,5,3,20,20
385,2026-03-10 08:42:30+01:00,2026-03-10 08:42:32+01:00,2026-03-10,2,3,2,2,3,2,2-3-2-2-3-2,4,3,3,3
386,2026-03-10 08:42:33+01:00,2026-03-10 08:42:35+01:00,2026-03-10,2,2,2,2,2,2,2-2-2-2-2-2,4,3,3,3
387,2026-03-10 08:42:36+01:00,2026-03-10 08:42:36+01:00,2026-03-10,2,2,5,5,2,2,2-2-5-5-2-2,4,3,1,1
388,2026-03-10 08:42:37+01:00,2026-03-10 08:42:44+01:00,2026-03-10,2,2,4,4,2,2,2-2-4-4-2-2,6,3,8,8
389,2026-03-10 08:42:45+01:00,2026-03-10 08:42:47+01:00,2026-03-10,2,2,4,3,2,2,2-2-4-3-2-2,6,3,3,3
390,2026-03-10 08:42:48+01:00,2026-03-10 08:42:50+01:00,2026-03-10,2,2,4,2,2,2,2-2-4-2-2-2,6,3,3,3
391,2026-03-10 08:42:51+01:00,2026-03-10 08:42:51+01:00,2026-03-10,5,2,4,2,2,2,5-2-4-2-2-2,6,3,1,1
392,2026-03-10 08:42:52+01:00,2026-03-10 08:43:32+01:00,2026-03-10,4,2,4,2,2,2,4-2-4-2-2-2,1,3,41,41
393,2026-03-10 08:43:33+01:00,2026-03-10 08:43:35+01:00,2026-03-10,3,2,3,2,2,2,3-2-3-2-2-2,2,3,3,3
394,2026-03-10 08:43:36+01:00,2026-03-10 08:43:38+01:00,2026-03-10,2,2,2,2,2,2,2-2-2-2-2-2,2,3,3,3
395,2026-03-10 08:43:39+01:00,2026-03-10 08:43:39+01:00,2026-03-10,2,5,2,2,5,2,2-5-2-2-5-2,2,3,1,1
396,2026-03-10 08:43:40+01:00,2026-03-10 08:44:01+01:00,2026-03-10,2,4,2,2,4,2,2-4-2-2-4-2,3,3,22,22
397,2026-03-10 08:44:02+01:00,2026-03-10 08:44:02+01:00,2026-03-10,2,3,2,2,4,2,2-3-2-2-4-2,4,3,1,1
398,2026-03-10 08:44:03+01:00,2026-03-10 08:44:04+01:00,2026-03-10,2,3,2,2,3,2,2-3-2-2-3-2,4,3,2,2
399,2026-03-10 08:44:05+01:00,2026-03-10 08:44:05+01:00,2026-03-10,2,2,2,2,3,2,2-2-2-2-3-2,4,3,1,1
400,2026-03-10 08:44:06+01:00,2026-03-10 08:44:08+01:00,2026-03-10,2,2,2,2,2,2,2-2-2-2-2-2,4,3,3,3
401,2026-03-10 08:44:09+01:00,2026-03-10 08:44:09+01:00,2026-03-10,5,2,2,2,2,2,5-2-2-2-2-2,4,3,1,1
402,2026-03-10 08:44:10+01:00,2026-03-10 08:44:10+01:00,2026-03-10,4,2,5,2,2,2,4-2-5-2-2-2,4,3,1,1
403,2026-03-10 08:44:11+01:00,2026-03-10 08:44:50+01:00,2026-03-10,4,2,4,2,2,2,4-2-4-2-2-2,1,3,40,40
404,2026-03-10 08:44:51+01:00,2026-03-10 08:44:53+01:00,2026-03-10,4,2,3,2,2,2,4-2-3-2-2-2,2,3,3,3
405,2026-03-10 08:44:54+01:00,2026-03-10 08:44:54+01:00,2026-03-10,4,2,2,2,2,5,4-2-2-2-2-5,2,3,1,1
406,2026-03-10 08:44:55+01:00,2026-03-10 08:45:06+01:00,2026-03-10,4,2,2,2,2,4,4-2-2-2-2-4,5,3,12,12
407,2026-03-10 08:45:07+01:00,2026-03-10 08:45:09+01:00,2026-03-10,3,2,2,2,2,4,3-2-2-2-2-4,5,3,3,3
408,2026-03-10 08:45:10+01:00,2026-03-10 08:45:12+01:00,2026-03-10,2,2,2,2,2,3,2-2-2-2-2-3,5,3,3,3
409,2026-03-10 08:45:13+01:00,2026-03-10 08:45:13+01:00,2026-03-10,2,5,2,2,5,2,2-5-2-2-5-2,5,3,1,1
410,2026-03-10 08:45:14+01:00,2026-03-10 08:45:40+01:00,2026-03-10,2,4,2,2,4,2,2-4-2-2-4-2,5,3,27,27
411,2026-03-10 08:45:41+01:00,2026-03-10 08:45:43+01:00,2026-03-10,2,3,2,2,3,2,2-3-2-2-3-2,4,3,3,3
412,2026-03-10 08:45:44+01:00,2026-03-10 08:45:46+01:00,2026-03-10,2,2,2,2,2,2,2-2-2-2-2-2,4,3,3,3
413,2026-03-10 08:45:47+01:00,2026-03-10 08:45:47+01:00,2026-03-10,2,2,5,5,2,2,2-2-5-5-2-2,4,3,1,1
414,2026-03-10 08:45:48+01:00,2026-03-10 08:45:52+01:00,2026-03-10,2,2,4,4,2,2,2-2-4-4-2-2,6,3,5,5
415,2026-03-10 08:45:53+01:00,2026-03-10 08:45:55+01:00,2026-03-10,2,2,4,3,2,2,2-2-4-3-2-2,6,3,3,3
416,2026-03-10 08:45:56+01:00,2026-03-10 08:45:58+01:00,2026-03-10,2,2,4,2,2,2,2-2-4-2-2-2,6,3,3,3
417,2026-03-10 08:45:59+01:00,2026-03-10 08:45:59+01:00,2026-03-10,5,2,4,2,2,2,5-2-4-2-2-2,6,3,1,1
418,2026-03-10 08:46:00+01:00,2026-03-10 08:46:32+01:00,2026-03-10,4,2,4,2,2,2,4-2-4-2-2-2,1,3,33,33
419,2026-03-10 08:46:33+01:00,2026-03-10 08:46:35+01:00,2026-03-10,3,2,3,2,2,2,3-2-3-2-2-2,2,3,3,3
420,2026-03-10 08:46:36+01:00,2026-03-10 08:46:38+01:00,2026-03-10,2,2,2,2,2,2,2-2-2-2-2-2,2,3,3,3
421,2026-03-10 08:46:39+01:00,2026-03-10 08:46:39+01:00,2026-03-10,2,5,2,2,5,2,2-5-2-2-5-2,2,3,1,1
422,2026-03-10 08:46:40+01:00,2026-03-10 08:46:59+01:00,2026-03-10,2,4,2,2,4,2,2-4-2-2-4-2,3,3,20,20
423,2026-03-10 08:47:00+01:00,2026-03-10 08:47:02+01:00,2026-03-10,2,3,2,2,3,2,2-3-2-2-3-2,4,3,3,3
424,2026-03-10 08:47:03+01:00,2026-03-10 08:47:05+01:00,2026-03-10,2,2,2,2,2,2,2-2-2-2-2-2,4,3,3,3
425,2026-03-10 08:47:06+01:00,2026-03-10 08:47:06+01:00,2026-03-10,2,2,5,5,2,2,2-2-5-5-2-2,4,3,1,1
426,2026-03-10 08:47:07+01:00,2026-03-10 08:47:22+01:00,2026-03-10,2,2,4,4,2,2,2-2-4-4-2-2,6,3,16,16
427,2026-03-10 08:47:23+01:00,2026-03-10 08:47:25+01:00,2026-03-10,2,2,4,3,2,2,2-2-4-3-2-2,6,3,3,3
428,2026-03-10 08:47:26+01:00,2026-03-10 08:47:28+01:00,2026-03-10,2,2,4,2,2,2,2-2-4-2-2-2,6,3,3,3
429,2026-03-10 08:47:29+01:00,2026-03-10 08:47:29+01:00,2026-03-10,5,2,4,2,2,2,5-2-4-2-2-2,6,3,1,1
430,2026-03-10 08:47:30+01:00,2026-03-10 08:47:50+01:00,2026-03-10,4,2,4,2,2,2,4-2-4-2-2-2,1,3,21,21
431,2026-03-10 08:47:51+01:00,2026-03-10 08:47:53+01:00,2026-03-10,4,2,3,2,2,2,4-2-3-2-2-2,2,3,3,3
432,2026-03-10 08:47:54+01:00,2026-03-10 08:47:54+01:00,2026-03-10,4,2,2,2,2,5,4-2-2-2-2-5,2,3,1,1
433,2026-03-10 08:47:55+01:00,2026-03-10 08:48:04+01:00,2026-03-10,4,2,2,2,2,4,4-2-2-2-2-4,5,3,10,10
434,2026-03-10 08:48:05+01:00,2026-03-10 08:48:07+01:00,2026-03-10,3,2,2,2,2,4,3-2-2-2-2-4,5,3,3,3
435,2026-03-10 08:48:08+01:00,2026-03-10 08:48:10+01:00,2026-03-10,2,2,2,2,2,3,2-2-2-2-2-3,5,3,3,3
436,2026-03-10 08:48:11+01:00,2026-03-10 08:48:11+01:00,2026-03-10,2,5,2,2,5,2,2-5-2-2-5-2,5,3,1,1
437,2026-03-10 08:48:12+01:00,2026-03-10 08:48:30+01:00,2026-03-10,2,4,2,2,4,2,2-4-2-2-4-2,5,3,19,19
438,2026-03-10 08:48:31+01:00,2026-03-10 08:48:31+01:00,2026-03-10,2,3,2,2,4,2,2-3-2-2-4-2,4,3,1,1
439,2026-03-10 08:48:32+01:00,2026-03-10 08:48:33+01:00,2026-03-10,2,3,2,2,3,2,2-3-2-2-3-2,4,3,2,2
440,2026-03-10 08:48:34+01:00,2026-03-10 08:48:34+01:00,2026-03-10,2,2,2,2,3,2,2-2-2-2-3-2,4,3,1,1
441,2026-03-10 08:48:35+01:00,2026-03-10 08:48:37+01:00,2026-03-10,2,2,2,2,2,2,2-2-2-2-2-2,4,3,3,3
442,2026-03-10 08:48:38+01:00,2026-03-10 08:48:38+01:00,2026-03-10,5,2,2,2,2,2,5-2-2-2-2-2,4,3,1,1
443,2026-03-10 08:48:39+01:00,2026-03-10 08:48:39+01:00,2026-03-10,4,2,5,2,2,2,4-2-5-2-2-2,4,3,1,1
444,2026-03-10 08:48:40+01:00,2026-03-10 08:49:20+01:00,2026-03-10,4,2,4,2,2,2,4-2-4-2-2-2,1,3,41,41
445,2026-03-10 08:49:21+01:00,2026-03-10 08:49:23+01:00,2026-03-10,4,2,3,2,2,2,4-2-3-2-2-2,2,3,3,3
446,2026-03-10 08:49:24+01:00,2026-03-10 08:49:24+01:00,2026-03-10,4,2,2,2,2,5,4-2-2-2-2-5,2,3,1,1
447,2026-03-10 08:49:25+01:00,2026-03-10 08:49:29+01:00,2026-03-10,4,2,2,2,2,4,4-2-2-2-2-4,5,3,5,5
448,2026-03-10 08:49:30+01:00,2026-03-10 08:49:32+01:00,2026-03-10,3,2,2,2,2,4,3-2-2-2-2-4,5,3,3,3
449,2026-03-10 08:49:33+01:00,2026-03-10 08:49:35+01:00,2026-03-10,2,2,2,2,2,3,2-2-2-2-2-3,5,3,3,3
450,2026-03-10 08:49:36+01:00,2026-03-10 08:49:36+01:00,2026-03-10,2,5,2,2,5,2,2-5-2-2-5-2,5,3,1,1
451,2026-03-10 08:49:37+01:00,2026-03-10 08:50:06+01:00,2026-03-10,2,4,2,2,4,2,2-4-2-2-4-2,5,3,30,30
452,2026-03-10 08:50:07+01:00,2026-03-10 08:50:09+01:00,2026-03-10,2,3,2,2,3,2,2-3-2-2-3-2,4,3,3,3
453,2026-03-10 08:50:10+01:00,2026-03-10 08:50:12+01:00,2026-03-10,2,2,2,2,2,2,2-2-2-2-2-2,4,3,3,3
454,2026-03-10 08:50:13+01:00,2026-03-10 08:50:13+01:00,2026-03-10,2,2,5,5,2,2,2-2-5-5-2-2,4,3,1,1
455,2026-03-10 08:50:14+01:00,2026-03-10 08:50:22+01:00,2026-03-10,2,2,4,4,2,2,2-2-4-4-2-2,6,3,9,9
456,2026-03-10 08:50:23+01:00,2026-03-10 08:50:25+01:00,2026-03-10,2,2,4,3,2,2,2-2-4-3-2-2,6,3,3,3
457,2026-03-10 08:50:26+01:00,2026-03-10 08:50:28+01:00,2026-03-10,2,2,4,2,2,2,2-2-4-2-2-2,6,3,3,3
458,2026-03-10 08:50:29+01:00,2026-03-10 08:50:29+01:00,2026-03-10,5,2,4,2,2,2,5-2-4-2-2-2,6,3,1,1
459,2026-03-10 08:50:30+01:00,2026-03-10 08:50:50+01:00,2026-03-10,4,2,4,2,2,2,4-2-4-2-2-2,1,3,21,21
460,2026-03-10 08:50:51+01:00,2026-03-10 08:50:53+01:00,2026-03-10,4,2,3,2,2,2,4-2-3-2-2-2,2,3,3,3
461,2026-03-10 08:50:54+01:00,2026-03-10 08:50:54+01:00,2026-03-10,4,2,2,2,2,5,4-2-2-2-2-5,2,3,1,1
462,2026-03-10 08:50:55+01:00,2026-03-10 08:51:08+01:00,2026-03-10,4,2,2,2,2,4,4-2-2-2-2-4,5,3,14,14
463,2026-03-10 08:51:09+01:00,2026-03-10 08:51:11+01:00,2026-03-10,3,2,2,2,2,4,3-2-2-2-2-4,5,3,3,3
464,2026-03-10 08:51:12+01:00,2026-03-10 08:51:14+01:00,2026-03-10,2,2,2,2,2,3,2-2-2-2-2-3,5,3,3,3
465,2026-03-10 08:51:15+01:00,2026-03-10 08:51:15+01:00,2026-03-10,2,5,2,2,5,2,2-5-2-2-5-2,5,3,1,1
466,2026-03-10 08:51:16+01:00,2026-03-10 08:51:40+01:00,2026-03-10,2,4,2,2,4,2,2-4-2-2-4-2,5,3,25,25
467,2026-03-10 08:51:41+01:00,2026-03-10 08:51:41+01:00,2026-03-10,2,3,2,2,4,2,2-3-2-2-4-2,4,3,1,1
468,2026-03-10 08:51:42+01:00,2026-03-10 08:51:43+01:00,2026-03-10,2,3,2,2,3,2,2-3-2-2-3-2,4,3,2,2
469,2026-03-10 08:51:44+01:00,2026-03-10 08:51:44+01:00,2026-03-10,2,2,2,2,3,2,2-2-2-2-3-2,4,3,1,1
470,2026-03-10 08:51:45+01:00,2026-03-10 08:51:47+01:00,2026-03-10,2,2,2,2,2,2,2-2-2-2-2-2,4,3,3,3
471,2026-03-10 08:51:48+01:00,2026-03-10 08:51:48+01:00,2026-03-10,5,2,2,2,2,2,5-2-2-2-2-2,4,3,1,1
472,2026-03-10 08:51:49+01:00,2026-03-10 08:51:49+01:00,2026-03-10,4,2,5,2,2,2,4-2-5-2-2-2,4,3,1,1
473,2026-03-10 08:51:50+01:00,2026-03-10 08:52:20+01:00,2026-03-10,4,2,4,2,2,2,4-2-4-2-2-2,1,3,31,31
474,2026-03-10 08:52:21+01:00,2026-03-10 08:52:23+01:00,2026-03-10,4,2,3,2,2,2,4-2-3-2-2-2,2,3,3,3
475,2026-03-10 08:52:24+01:00,2026-03-10 08:52:24+01:00,2026-03-10,4,2,2,2,2,5,4-2-2-2-2-5,2,3,1,1
476,2026-03-10 08:52:25+01:00,2026-03-10 08:52:29+01:00,2026-03-10,4,2,2,2,2,4,4-2-2-2-2-4,5,3,5,5
477,2026-03-10 08:52:30+01:00,2026-03-10 08:52:32+01:00,2026-03-10,3,2,2,2,2,4,3-2-2-2-2-4,5,3,3,3
478,2026-03-10 08:52:33+01:00,2026-03-10 08:52:35+01:00,2026-03-10,2,2,2,2,2,3,2-2-2-2-2-3,5,3,3,3
479,2026-03-10 08:52:36+01:00,2026-03-10 08:52:36+01:00,2026-03-10,2,5,2,2,5,2,2-5-2-2-5-2,5,3,1,1
480,2026-03-10 08:52:37+01:00,2026-03-10 08:52:59+01:00,2026-03-10,2,4,2,2,4,2,2-4-2-2-4-2,5,3,23,23
481,2026-03-10 08:53:00+01:00,2026-03-10 08:53:02+01:00,2026-03-10,2,3,2,2,3,2,2-3-2-2-3-2,4,3,3,3
482,2026-03-10 08:53:03+01:00,2026-03-10 08:53:05+01:00,2026-03-10,2,2,2,2,2,2,2-2-2-2-2-2,4,3,3,3
483,2026-03-10 08:53:06+01:00,2026-03-10 08:53:06+01:00,2026-03-10,2,2,5,5,2,2,2-2-5-5-2-2,4,3,1,1
484,2026-03-10 08:53:07+01:00,2026-03-10 08:53:14+01:00,2026-03-10,2,2,4,4,2,2,2-2-4-4-2-2,6,3,8,8
485,2026-03-10 08:53:15+01:00,2026-03-10 08:53:17+01:00,2026-03-10,2,2,4,3,2,2,2-2-4-3-2-2,6,3,3,3
486,2026-03-10 08:53:18+01:00,2026-03-10 08:53:20+01:00,2026-03-10,2,2,4,2,2,2,2-2-4-2-2-2,6,3,3,3
487,2026-03-10 08:53:21+01:00,2026-03-10 08:53:21+01:00,2026-03-10,5,2,4,2,2,2,5-2-4-2-2-2,6,3,1,1
488,2026-03-10 08:53:22+01:00,2026-03-10 08:53:50+01:00,2026-03-10,4,2,4,2,2,2,4-2-4-2-2-2,1,3,29,29
489,2026-03-10 08:53:51+01:00,2026-03-10 08:53:53+01:00,2026-03-10,4,2,3,2,2,2,4-2-3-2-2-2,2,3,3,3
490,2026-03-10 08:53:54+01:00,2026-03-10 08:53:54+01:00,2026-03-10,4,2,2,2,2,5,4-2-2-2-2-5,2,3,1,1
491,2026-03-10 08:53:55+01:00,2026-03-10 08:54:02+01:00,2026-03-10,4,2,2,2,2,4,4-2-2-2-2-4,5,3,8,8
492,2026-03-10 08:54:03+01:00,2026-03-10 08:54:05+01:00,2026-03-10,3,2,2,2,2,4,3-2-2-2-2-4,5,3,3,3
493,2026-03-10 08:54:06+01:00,2026-03-10 08:54:08+01:00,2026-03-10,2,2,2,2,2,3,2-2-2-2-2-3,5,3,3,3
494,2026-03-10 08:54:09+01:00,2026-03-10 08:54:09+01:00,2026-03-10,2,5,2,2,5,2,2-5-2-2-5-2,5,3,1,1
495,2026-03-10 08:54:10+01:00,2026-03-10 08:54:33+01:00,2026-03-10,2,4,2,2,4,2,2-4-2-2-4-2,5,3,24,24
496,2026-03-10 08:54:34+01:00,2026-03-10 08:54:36+01:00,2026-03-10,2,3,2,2,3,2,2-3-2-2-3-2,4,3,3,3
497,2026-03-10 08:54:37+01:00,2026-03-10 08:54:39+01:00,2026-03-10,2,2,2,2,2,2,2-2-2-2-2-2,4,3,3,3
498,2026-03-10 08:54:40+01:00,2026-03-10 08:54:40+01:00,2026-03-10,2,2,5,5,2,2,2-2-5-5-2-2,4,3,1,1
499,2026-03-10 08:54:41+01:00,2026-03-10 08:54:52+01:00,2026-03-10,2,2,4,4,2,2,2-2-4-4-2-2,6,3,12,12
500,2026-03-10 08:54:53+01:00,2026-03-10 08:54:55+01:00,2026-03-10,2,2,4,3,2,2,2-2-4-3-2-2,6,3,3,3
501,2026-03-10 08:54:56+01:00,2026-03-10 08:54:58+01:00,2026-03-10,2,2,4,2,2,2,2-2-4-2-2-2,6,3,3,3
502,2026-03-10 08:54:59+01:00,2026-03-10 08:54:59+01:00,2026-03-10,5,2,4,2,2,2,5-2-4-2-2-2,6,3,1,1
503,2026-03-10 08:55:00+01:00,2026-03-10 08:55:32+01:00,2026-03-10,4,2,4,2,2,2,4-2-4-2-2-2,1,3,33,33
504,2026-03-10 08:55:33+01:00,2026-03-10 08:55:35+01:00,2026-03-10,3,2,3,2,2,2,3-2-3-2-2-2,2,3,3,3
505,2026-03-10 08:55:36+01:00,2026-03-10 08:55:38+01:00,2026-03-10,2,2,2,2,2,2,2-2-2-2-2-2,2,3,3,3
506,2026-03-10 08:55:39+01:00,2026-03-10 08:55:39+01:00,2026-03-10,2,5,2,2,5,2,2-5-2-2-5-2,2,3,1,1
507,2026-03-10 08:55:40+01:00,2026-03-10 08:56:10+01:00,2026-03-10,2,4,2,2,4,2,2-4-2-2-4-2,3,3,31,31
508,2026-03-10 08:56:11+01:00,2026-03-10 08:56:13+01:00,2026-03-10,2,3,2,2,3,2,2-3-2-2-3-2,4,3,3,3
509,2026-03-10 08:56:14+01:00,2026-03-10 08:56:16+01:00,2026-03-10,2,2,2,2,2,2,2-2-2-2-2-2,4,3,3,3
510,2026-03-10 08:56:17+01:00,2026-03-10 08:56:17+01:00,2026-03-10,2,2,5,5,2,2,2-2-5-5-2-2,4,3,1,1
511,2026-03-10 08:56:18+01:00,2026-03-10 08:56:22+01:00,2026-03-10,2,2,4,4,2,2,2-2-4-4-2-2,6,3,5,5
512,2026-03-10 08:56:23+01:00,2026-03-10 08:56:25+01:00,2026-03-10,2,2,4,3,2,2,2-2-4-3-2-2,6,3,3,3
513,2026-03-10 08:56:26+01:00,2026-03-10 08:56:28+01:00,2026-03-10,2,2,4,2,2,2,2-2-4-2-2-2,6,3,3,3
514,2026-03-10 08:56:29+01:00,2026-03-10 08:56:29+01:00,2026-03-10,5,2,4,2,2,2,5-2-4-2-2-2,6,3,1,1
515,2026-03-10 08:56:30+01:00,2026-03-10 08:56:50+01:00,2026-03-10,4,2,4,2,2,2,4-2-4-2-2-2,1,3,21,21
516,2026-03-10 08:56:51+01:00,2026-03-10 08:56:53+01:00,2026-03-10,4,2,3,2,2,2,4-2-3-2-2-2,2,3,3,3
517,2026-03-10 08:56:54+01:00,2026-03-10 08:56:54+01:00,2026-03-10,4,2,2,2,2,5,4-2-2-2-2-5,2,3,1,1
518,2026-03-10 08:56:55+01:00,2026-03-10 08:57:08+01:00,2026-03-10,4,2,2,2,2,4,4-2-2-2-2-4,5,3,14,14
519,2026-03-10 08:57:09+01:00,2026-03-10 08:57:11+01:00,2026-03-10,3,2,2,2,2,4,3-2-2-2-2-4,5,3,3,3
520,2026-03-10 08:57:12+01:00,2026-03-10 08:57:14+01:00,2026-03-10,2,2,2,2,2,3,2-2-2-2-2-3,5,3,3,3
521,2026-03-10 08:57:15+01:00,2026-03-10 08:57:15+01:00,2026-03-10,2,5,2,2,5,2,2-5-2-2-5-2,5,3,1,1
522,2026-03-10 08:57:16+01:00,2026-03-10 08:57:31+01:00,2026-03-10,2,4,2,2,4,2,2-4-2-2-4-2,5,3,16,16
523,2026-03-10 08:57:32+01:00,2026-03-10 08:57:34+01:00,2026-03-10,2,3,2,2,3,2,2-3-2-2-3-2,4,3,3,3
524,2026-03-10 08:57:35+01:00,2026-03-10 08:57:37+01:00,2026-03-10,2,2,2,2,2,2,2-2-2-2-2-2,4,3,3,3
525,2026-03-10 08:57:38+01:00,2026-03-10 08:57:38+01:00,2026-03-10,2,2,5,5,2,2,2-2-5-5-2-2,4,3,1,1
526,2026-03-10 08:57:39+01:00,2026-03-10 08:57:51+01:00,2026-03-10,2,2,4,4,2,2,2-2-4-4-2-2,6,3,13,13
527,2026-03-10 08:57:52+01:00,2026-03-10 08:57:54+01:00,2026-03-10,2,2,4,3,2,2,2-2-4-3-2-2,6,3,3,3
528,2026-03-10 08:57:55+01:00,2026-03-10 08:57:57+01:00,2026-03-10,2,2,4,2,2,2,2-2-4-2-2-2,6,3,3,3
529,2026-03-10 08:57:58+01:00,2026-03-10 08:57:58+01:00,2026-03-10,5,2,4,2,2,2,5-2-4-2-2-2,6,3,1,1
530,2026-03-10 08:57:59+01:00,2026-03-10 08:58:20+01:00,2026-03-10,4,2,4,2,2,2,4-2-4-2-2-2,1,3,22,22
531,2026-03-10 08:58:21+01:00,2026-03-10 08:58:23+01:00,2026-03-10,4,2,3,2,2,2,4-2-3-2-2-2,2,3,3,3
532,2026-03-10 08:58:24+01:00,2026-03-10 08:58:24+01:00,2026-03-10,4,2,2,2,2,5,4-2-2-2-2-5,2,3,1,1
533,2026-03-10 08:58:25+01:00,2026-03-10 08:58:29+01:00,2026-03-10,4,2,2,2,2,4,4-2-2-2-2-4,5,3,5,5
534,2026-03-10 08:58:30+01:00,2026-03-10 08:58:32+01:00,2026-03-10,3,2,2,2,2,4,3-2-2-2-2-4,5,3,3,3
535,2026-03-10 08:58:33+01:00,2026-03-10 08:58:35+01:00,2026-03-10,2,2,2,2,2,3,2-2-2-2-2-3,5,3,3,3
536,2026-03-10 08:58:36+01:00,2026-03-10 08:58:36+01:00,2026-03-10,2,5,2,2,5,2,2-5-2-2-5-2,5,3,1,1
537,2026-03-10 08:58:37+01:00,2026-03-10 08:58:59+01:00,2026-03-10,2,4,2,2,4,2,2-4-2-2-4-2,5,3,23,23
538,2026-03-10 08:59:00+01:00,2026-03-10 08:59:00+01:00,2026-03-10,2,3,2,2,4,2,2-3-2-2-4-2,4,3,1,1
539,2026-03-10 08:59:01+01:00,2026-03-10 08:59:02+01:00,2026-03-10,2,3,2,2,3,2,2-3-2-2-3-2,4,3,2,2
540,2026-03-10 08:59:03+01:00,2026-03-10 08:59:03+01:00,2026-03-10,2,2,2,2,3,2,2-2-2-2-3-2,4,3,1,1
541,2026-03-10 08:59:04+01:00,2026-03-10 08:59:06+01:00,2026-03-10,2,2,2,2,2,2,2-2-2-2-2-2,4,3,3,3
542,2026-03-10 08:59:07+01:00,2026-03-10 08:59:07+01:00,2026-03-10,5,2,2,2,2,2,5-2-2-2-2-2,4,3,1,1
543,2026-03-10 08:59:08+01:00,2026-03-10 08:59:08+01:00,2026-03-10,4,2,5,2,2,2,4-2-5-2-2-2,4,3,1,1
544,2026-03-10 08:59:09+01:00,2026-03-10 08:59:50+01:00,2026-03-10,4,2,4,2,2,2,4-2-4-2-2-2,1,3,42,42
545,2026-03-10 08:59:51+01:00,2026-03-10 08:59:53+01:00,2026-03-10,4,2,3,2,2,2,4-2-3-2-2-2,2,3,3,3
546,2026-03-10 08:59:54+01:00,2026-03-10 08:59:54+01:00,2026-03-10,4,2,2,2,2,5,4-2-2-2-2-5,2,3,1,1
547,2026-03-10 08:59:55+01:00,2026-03-10 08:59:59+01:00,2026-03-10,4,2,2,2,2,4,4-2-2-2-2-4,5,3,5,5
